time,seconds_elapsed,z,y,x
1710940771791708700,0.150708740234375,-0.004399999976158142,-0.17352500557899475,-0.36162498593330383
1710940771885742600,0.24474267578125,0.06159999966621399,-0.3091000020503998,-0.2516250014305115
1710940771979776000,0.33877587890625,0.30098751187324524,0.11123749613761902,-0.36162498593330383
1710940772073810000,0.432809814453125,0.01759999990463257,-0.32381248474121094,-0.39586248993873596
1710940772167843800,0.52684375,0.09212499856948853,0.01223750039935112,-0.44110000133514404
1710940772261877500,0.62087744140625,0.11769999563694,-0.1722874939441681,-0.02928750030696392
1710940772355911400,0.714911376953125,-0.09363749623298645,-0.7512999773025513,-0.4581499993801117
1710940772449945300,0.8089453125,-0.15468749403953552,-0.18576249480247498,0.282150000333786
1710940772543979000,0.90297900390625,-0.03135000169277191,-0.6329125165939331,-0.8100125193595886
1710940772638012700,0.9970126953125,0.24969999492168427,-0.7660124897956848,0.4141499996185303
1710940772732046600,1.091046630859375,0.1396999955177307,0.4006749987602234,-0.17104999721050262
1710940772826080300,1.185080322265625,0.12993749976158142,-0.0147124994546175,-0.24928750097751617
1710940772920114200,1.2791142578125,0.15565000474452972,-0.16733749210834503,-0.15399999916553497
1710940773014147800,1.37314794921875,0.18741250038146973,0.1527625024318695,-0.03671250119805336
1710940773108181800,1.467181640625,-0.04839999973773956,0.2223374992609024,-0.3053874969482422
1710940773202215400,1.56121533203125,0.07259999960660934,0.09157499670982361,-0.20528750121593475
1710940773296249300,1.655249267578125,-0.07397499680519104,0.0147124994546175,0.0695749968290329
1710940773390283000,1.749282958984375,-0.0471624992787838,-0.0147124994546175,0.2638624906539917
1710940773484317000,1.84331689453125,-0.05087500065565109,-0.03671250119805336,0.26633748412132263
1710940773578350800,1.937350830078125,0.007837500423192978,-0.0012374999932944775,0.06599999964237213
1710940773672384300,2.03138427734375,0.016362499445676804,-0.054999999701976776,0.01952499896287918
1710940773766418200,2.125418212890625,-0.012924999929964542,0.05252499878406525,0.12828749418258667
1710940773860452000,2.2194521484375,0.007837500423192978,0.04881250113248825,0.08428750187158585
1710940773954485800,2.31348583984375,0.02241249941289425,0.08552499860525131,0.04399999976158142
1710940774048519400,2.40751953125,0.03712499886751175,0.06476250290870667,0.00494999997317791
1710940774142553300,2.50155322265625,0.03341250121593475,0.030524998903274536,0.0635249987244606
1710940774236587000,2.5955869140625,0.055412501096725464,-0.0085249999538064,0.00494999997317791
1710940774330621000,2.689620849609375,0.06159999966621399,0.002474999986588955,0.030524998903274536
1710940774424654800,2.78365478515625,0.031075000762939453,0.02681249938905239,0.006049999967217445
1710940774518688300,2.877688232421875,0.057887498289346695,0,-0.02681249938905239
1710940774612722200,2.97172216796875,0.07383749634027481,0.04152499884366989,0.045237500220537186
1710940774706756000,3.065756103515625,0.018837500363588333,0.05376249924302101,0.06104999780654907
1710940774800789800,3.159789794921875,-0.0056374999694526196,0.0170499999076128,0.13557499647140503
1710940774894823700,3.25382373046875,0.023649999871850014,0.047712501138448715,0.07081250101327896
1710940774988857600,3.347857666015625,-0.026399999856948853,-0.04647500067949295,0.01223750039935112
1710940775082891300,3.441891357421875,-0.020349999889731407,0.007287499960511923,0.03423750028014183
1710940775176925000,3.535925048828125,-0.027637500315904617,-0.023237500339746475,0.028049999848008156
1710940775270958800,3.629958740234375,-0.03739999979734421,-0.0672374963760376,0.03904999792575836
1710940775364992500,3.723992431640625,-0.015399999916553497,0.06228749826550484,-0.07452499866485596
1710940775459026400,3.8180263671875,-0.07039999961853027,-0.08923749625682831,0.11728750169277191
1710940775553060400,3.912060302734375,-0.10092499852180481,-0.16128750145435333,0.00976249948143959
1710940775647094000,4.006093994140625,-0.1779250055551529,-0.08676250278949738,0.03423750028014183
1710940775741127700,4.100127685546875,-0.2194499969482422,-0.045237500220537186,0.0695749968290329
1710940775835161600,4.19416162109375,-0.2157374918460846,-0.06847500056028366,0.015812499448657036
1710940775929195500,4.288195556640625,-0.26468750834465027,-0.018287500366568565,0.05623750016093254
1710940776023229200,4.382229248046875,-0.2927374839782715,0.01347499992698431,0.02681249938905239
1710940776117263000,4.47626318359375,-0.259737491607666,0.054999999701976776,-0.0012374999932944775
1710940776211296800,4.570296875,-0.2536875009536743,-0.08923749625682831,-0.16733749210834503
1710940776305330400,4.664330322265625,-0.1681624948978424,-0.0317624993622303,0.018287500366568565
1710940776399364400,4.7583642578125,-0.14121249318122864,-0.030524998903274536,0.0037124999798834324
1710940776493398000,4.85239794921875,-0.0031624999828636646,0.006049999967217445,-0.015949999913573265
1710940776587432000,4.946431884765625,0.055412501096725464,0.07576250284910202,0.08428750187158585
1710940776681465900,5.0404658203125,0.07012499868869781,0.054999999701976776,0.07452499866485596
1710940776775499500,5.13449951171875,0.11412499845027924,0.10381250083446503,0.08057499676942825
1710940776869533200,5.228533203125,0.1214125007390976,0.08304999768733978,0.0989999994635582
1710940776963567000,5.322567138671875,0.12636250257492065,0.12581250071525574,0.11604999750852585
1710940777057601000,5.41660107421875,0.15936249494552612,0.08676250278949738,0.1270499974489212
1710940777151635000,5.510635009765625,0.21422499418258667,0.12457499653100967,0.047712501138448715
1710940777245668600,5.604668701171875,0.26922500133514404,0.12099999934434891,0.18328750133514404
1710940777339702500,5.69870263671875,0.22893749177455902,0.11123749613761902,-0.04152499884366989
1710940777433736200,5.792736083984375,0.271699994802475,0.22605000436306,0.01952499896287918
1710940777527770000,5.88677001953125,0.16664999723434448,0.2638624906539917,-0.16128750145435333
1710940777621803800,5.9808037109375,0.11893749982118607,0.07204999774694443,-0.04152499884366989
1710940777715837700,6.074837646484375,0.040837500244379044,-0.04028749838471413,0.09776250272989273
1710940777809871400,6.168871337890625,-0.07039999961853027,0.047712501138448715,0.15399999916553497
1710940777903905300,6.2629052734375,-0.03616249933838844,0.18933749198913574,0.5484874844551086
1710940777997939200,6.356939208984375,-0.03863750025629997,-0.2358125001192093,0.3983374834060669
1710940778091973000,6.45097314453125,0.11412499845027924,-0.09776250272989273,0.08181250095367432
1710940778186006800,6.5450068359375,-0.06421250104904175,-0.07081250101327896,0.1405249983072281
1710940778280040400,6.63904052734375,-0.13144999742507935,0.13928750157356262,0.14409999549388885
1710940778374074400,6.733074462890625,-0.1999250054359436,0.404387503862381,0.39214998483657837
1710940778468108000,6.82710791015625,-0.2157374918460846,0.2723875045776367,0.43738749623298645
1710940778562142000,6.921141845703125,-0.19497500360012054,0.21986250579357147,0.05376249924302101
1710940778656175900,7.01517578125,-0.05692499876022339,-0.04028749838471413,0.5009124875068665
1710940778750209500,7.10920947265625,-0.1387374997138977,-0.43367499113082886,-0.24557499587535858
1710940778844243500,7.203243408203125,-0.12168750166893005,-0.20157499611377716,0.18328750133514404
1710940778938277400,7.29727734375,0.011412499472498894,0.19786250591278076,0.15757499635219574
1710940779032311000,7.39131103515625,0.31075000762939453,0.12581250071525574,0.07576250284910202
1710940779126345000,7.485344970703125,0.39627498388290405,0.1685750037431717,-0.015949999913573265
1710940779220379000,7.57937890625,0.3535124957561493,0.17352500557899475,0.12333749979734421
1710940779314412500,7.67341259765625,0.17765000462532043,-0.07947500050067902,0.059812501072883606
1710940779408446200,7.7674462890625,0.03341250121593475,-0.030524998903274536,0.09033749997615814
1710940779502480100,7.861480224609375,0.19965000450611115,-0.05857500061392784,-0.17476250231266022
1710940779596514000,7.95551416015625,0.03464999794960022,-0.23457500338554382,-0.20281249284744263
1710940779690547700,8.049547607421875,-0.3232625126838684,-0.11357499659061432,-0.11976250261068344
1710940779784581600,8.14358154296875,-0.2560249865055084,0.19181250035762787,0.037812501192092896
1710940779878615300,8.237615234375,-0.12168750166893005,-0.030524998903274536,0.07576250284910202
1710940779972649000,8.33164892578125,-0.04963750019669533,-0.018287500366568565,0.0989999994635582
1710940780066683100,8.42568310546875,0.07493750005960464,0.010999999940395355,0.02199999988079071
1710940780160717000,8.519717041015625,0.07259999960660934,-0.035475000739097595,0.0170499999076128
1710940780254750500,8.61375048828125,0.06764999777078629,-0.09776250272989273,-0.042762499302625656
1710940780348784400,8.707784423828125,-0.019112499430775642,-0.03671250119805336,0.06599999964237213
1710940780442818300,8.801818359375,-0.1522125005722046,-0.09157499670982361,0.15757499635219574
1710940780536852000,8.89585205078125,-0.318450003862381,0.10752499848604202,-0.2516250014305115
1710940780630886000,8.989885986328124,-0.3550249934196472,0.11233749985694885,0.5424374938011169
1710940780724919800,9.083919921875,-0.08744999766349792,-0.5827249884605408,-0.5889124870300293
1710940780818953500,9.177953369140624,-0.2316875010728836,0.09776250272989273,0.32862499356269836
1710940780912987100,9.271987060546875,-0.023924998939037323,-0.08923749625682831,0.059812501072883606
1710940781007021000,9.36602099609375,0.11659999936819077,-0.13557499647140503,0.09033749997615814
1710940781101055000,9.460054931640625,0.03341250121593475,0.07576250284910202,0.08923749625682831
1710940781195088600,9.554088623046875,-0.03244999796152115,0.2223374992609024,0.07328750193119049
1710940781289122600,9.64812255859375,0.02488750033080578,0.14533749222755432,0.04399999976158142
1710940781383156200,9.74215625,0.09941250085830688,0.13557499647140503,0.07452499866485596
1710940781477190000,9.83618994140625,0.1568875014781952,0.22852499783039093,-0.16128750145435333
1710940781571223800,9.930223876953125,0.271699994802475,0.17104999721050262,0.4618625044822693
1710940781665257700,10.0242578125,-0.13021250069141388,-0.5057250261306763,-0.6329125165939331
1710940781759291400,10.11829150390625,-0.30373749136924744,0.3078624904155731,0.28338751196861267
1710940781853325300,10.2123251953125,0.089649997651577,0.05376249924302101,-0.18576249480247498
1710940781947359000,10.30635888671875,-0.015399999916553497,0.07576250284910202,-0.08552499860525131
1710940782041393000,10.400392822265625,0.10559999942779541,-0.0012374999932944775,0.05004999786615372
1710940782135426600,10.494426513671876,0.09693749994039536,-0.007287499960511923,0.04399999976158142
1710940782229460500,10.58846044921875,0.07493750005960464,0.006049999967217445,0.018287500366568565
1710940782323494100,10.682494140625,-0.0471624992787838,-0.057475000619888306,-0.0170499999076128
1710940782417528000,10.776528076171875,-0.09968750178813934,-0.010999999940395355,0.0952875018119812
1710940782511561700,10.870561767578126,-0.09844999760389328,-0.05857500061392784,0.1405249983072281
1710940782605595400,10.964595458984375,-0.24997499585151672,0.13433749973773956,0.02928750030696392
1710940782699629300,11.05862939453125,-0.29878750443458557,-0.24557499587535858,0.49114999175071716
1710940782793663200,11.152663330078125,-0.34773749113082886,-0.4300999939441681,-0.32615000009536743
1710940782887697000,11.24669677734375,-0.34154999256134033,0.15152500569820404,0.2540999948978424
1710940782981730800,11.340730712890625,-0.08992499858140945,-0.3469125032424927,-0.04399999976158142
1710940783075764700,11.4347646484375,0.04936249926686287,-0.0695749968290329,0.13928750157356262
1710940783169798100,11.528798095703126,0.03231250122189522,0.16733749210834503,0.10628750175237656
1710940783263832000,11.62283203125,0.08841250091791153,0.11976250261068344,0.06104999780654907
1710940783357866000,11.716865966796876,0.17036250233650208,0.16733749210834503,-0.006049999967217445
1710940783451899600,11.810899658203125,0.23141250014305115,0.14300000667572021,0.04881250113248825
1710940783545933600,11.90493359375,0.1849374920129776,0.12333749979734421,0.14409999549388885
1710940783639967200,11.99896728515625,0.20941250026226044,0.09033749997615814,0.11123749613761902
1710940783734001000,12.0930009765625,0.5160375237464905,-0.24310000240802765,-0.07823749631643295
1710940783828034800,12.187034912109375,-0.011687500402331352,0.3676750063896179,-0.01347499992698431
1710940783922068500,12.281068359375,-0.027637500315904617,-0.0989999994635582,0.08552499860525131
1710940784016102100,12.37510205078125,-0.010449999943375587,0.2503874897956848,-0.3053874969482422
1710940784110136000,12.469135986328125,0.07617499679327011,0.05857500061392784,-0.16376249492168427
1710940784204169700,12.563169677734376,-0.03739999979734421,-0.007287499960511923,0.10023749619722366
1710940784298203600,12.65720361328125,0.013887500390410423,-0.1405249983072281,0.06847500056028366
1710940784392237600,12.751237548828126,0.0028874999843537807,-0.1331000030040741,-0.05252499878406525
1710940784486271200,12.845271240234375,-0.06063750013709068,-0.020762499421834946,0.010999999940395355
1710940784580305200,12.93930517578125,-0.10587500035762787,0.002474999986588955,0.07204999774694443
1710940784674338800,13.0333388671875,-0.196212500333786,0.11604999750852585,0.22962500154972076
1710940784768372500,13.12737255859375,-0.15839999914169312,0.09652499854564667,0.32862499356269836
1710940784862406100,13.22140625,-0.10944999754428864,-0.3543374836444855,-0.14300000667572021
1710940784956440000,13.315440185546874,-0.2316875010728836,-0.47519999742507935,-0.18933749198913574
1710940785050473700,13.4094736328125,-0.0826374962925911,0.01223750039935112,-0.05128749832510948
1710940785144507400,13.50350732421875,-0.03863750025629997,-0.17104999721050262,0.059812501072883606
1710940785238541300,13.597541259765626,0.1396999955177307,0.0037124999798834324,0.1551000028848648
1710940785332575000,13.691574951171875,0.07259999960660934,0.08676250278949738,0.07699999958276749
1710940785426609000,13.78560888671875,0.016362499445676804,0.07204999774694443,-0.04399999976158142
1710940785520642600,13.879642578125,-0.0006874999962747097,0.07204999774694443,-0.09404999762773514
1710940785614676500,13.973676513671874,0.043175000697374344,0.0989999994635582,-0.09652499854564667
1710940785708710100,14.067710205078125,0.043175000697374344,-0.07947500050067902,0.04399999976158142
1710940785802743800,14.161743896484374,0.30346250534057617,-0.3591499924659729,-0.559487521648407
1710940785896777500,14.255777587890625,0.023649999871850014,0.2223374992609024,0.10023749619722366
1710940785990811400,14.349811279296874,0.10312499850988388,-0.12333749979734421,-0.49472498893737793
1710940786084845300,14.44384521484375,-0.12168750166893005,0.32133749127388,0.09404999762773514
1710940786178878700,14.537878662109375,0.02241249941289425,0.1405249983072281,0.06228749826550484
1710940786272912600,14.63191259765625,0.009074999950826168,0.07823749631643295,-0.0147124994546175
1710940786366946300,14.7259462890625,0.08112499862909317,-0.04152499884366989,0.006049999967217445
1710940786460980000,14.81997998046875,0.053075000643730164,-0.0170499999076128,-0.020762499421834946
1710940786555013600,14.914013671875,-0.0019249999895691872,0.018287500366568565,-0.035475000739097595
1710940786649047600,15.008047607421876,-0.09597499668598175,-0.07081250101327896,0.05128749832510948
1710940786743081200,15.102081298828125,-0.17668749392032623,-0.006049999967217445,0.057475000619888306
1710940786837115100,15.196115234375,-0.27073749899864197,-0.23086249828338623,0.04399999976158142
1710940786931148500,15.2901484375,-0.20721249282360077,0.0695749968290329,-0.17957499623298645
1710940787025182500,15.384182373046874,-0.2732124924659729,-0.30057498812675476,-0.1625249981880188
1710940787119216000,15.478216064453125,-0.22192500531673431,-0.12828749418258667,0.08304999768733978
1710940787213249800,15.572249755859374,-0.06668750196695328,-0.08552499860525131,0.07947500050067902
1710940787307283700,15.66628369140625,0.03712499886751175,-0.03904999792575836,-0.010999999940395355
1710940787401317400,15.7603173828125,0.0798875018954277,0.11728750169277191,0.06476250290870667
1710940787495351000,15.85435107421875,0.06641250103712082,0.12581250071525574,0.04399999976158142
1710940787589384700,15.948384765625,0.13859999179840088,0.2003374993801117,0.02681249938905239
1710940787683418400,16.04241845703125,0.24365000426769257,0.14533749222755432,0.042762499302625656
1710940787777452300,16.136452392578125,0.31817498803138733,0.03423750028014183,0.18809999525547028
1710940787871486000,16.23048583984375,0.45374998450279236,-0.5363875031471252,0.2798124849796295
1710940787965519400,16.324519287109375,0.09336250275373459,0.12457499653100967,-0.09033749997615814
1710940788059553300,16.41855322265625,0.3279374837875366,0.22110000252723694,-0.17104999721050262
1710940788153587200,16.512587158203125,0.007837500423192978,0.09404999762773514,0.02199999988079071
1710940788247620600,16.60662060546875,0.13488750159740448,0.19910000264644623,-0.0635249987244606
1710940788341654500,16.700654541015624,0.04936249926686287,-0.08676250278949738,-0.06599999964237213
1710940788435688200,16.794688232421876,-0.03244999796152115,-0.0952875018119812,0.07699999958276749
1710940788529721900,16.888721923828125,-0.11797499656677246,0.0317624993622303,0.047712501138448715
1710940788623755500,16.982755615234375,-0.10944999754428864,-0.08923749625682831,0.05252499878406525
1710940788717789200,17.0767890625,-0.10587500035762787,-0.05128749832510948,0.045237500220537186
1710940788811822800,17.17082275390625,-0.22068749368190765,0.1588124930858612,0.10876250267028809
1710940788905856500,17.2648564453125,-0.1999250054359436,0.05004999786615372,0.5046250224113464
1710940788999890200,17.35889013671875,-0.16073749959468842,-0.14300000667572021,-0.05857500061392784
1710940789093924000,17.452924072265624,-0.3110249936580658,0.04647500067949295,-0.21752500534057617
1710940789187957500,17.54695751953125,-0.0411125011742115,0.15757499635219574,0.13805000483989716
1710940789281991400,17.640991455078126,-0.043449997901916504,-0.18809999525547028,-0.06228749826550484
1710940789376024800,17.73502490234375,0.03341250121593475,-0.0952875018119812,-0.02928750030696392
1710940789470058800,17.829058837890624,0.12388750165700912,0.08676250278949738,0.03423750028014183
1710940789564092400,17.923092529296873,0.055412501096725464,0.0012374999932944775,0.0012374999932944775
1710940789658126000,18.0171259765625,0.009074999950826168,0.05857500061392784,0.047712501138448715
1710940789752159700,18.11115966796875,0.02488750033080578,0.037812501192092896,0.0147124994546175
1710940789846193700,18.205193603515625,0.028599999845027924,0.010999999940395355,0.03671250119805336
1710940789940227000,18.29922705078125,-0.025162499397993088,0.020762499421834946,0.02928750030696392
1710940790034260700,18.3932607421875,-0.009349999949336052,0.1307625025510788,0.09281250089406967
1710940790128294400,18.48729443359375,0.06159999966621399,0.12952500581741333,-0.28462499380111694
1710940790222328000,18.581328125,0.1434125006198883,0.23704999685287476,0.35667499899864197
1710940790316361700,18.67536181640625,0.04207500070333481,0.31033748388290405,-0.015949999913573265
1710940790410395400,18.7693955078125,0.06517499685287476,-0.02447500079870224,0.15757499635219574
1710940790504429300,18.86342919921875,0.03341250121593475,0.210099995136261,-0.07452499866485596
1710940790598462700,18.957462646484377,0.07741250097751617,0.18081249296665192,0.1270499974489212
1710940790692496400,19.051496337890626,0.03712499886751175,-0.04647500067949295,0.045237500220537186
1710940790786530300,19.1455302734375,0.006599999964237213,-0.030524998903274536,-0.030524998903274536
1710940790880563700,19.239563720703124,0.006599999964237213,0.0012374999932944775,-0.0672374963760376
1710940790974597400,19.333597412109373,0.006599999964237213,-0.00494999997317791,-0.05252499878406525
1710940791068631000,19.427631103515626,0.048124998807907104,-0.03904999792575836,-0.01952499896287918
1710940791162664700,19.521664794921875,-0.0031624999828636646,-0.057475000619888306,-0.028049999848008156
1710940791256698000,19.615697998046876,-0.0752125009894371,-0.0170499999076128,0.04028749838471413
1710940791350732000,19.70973193359375,-0.09487500041723251,0.07947500050067902,-0.2003374993801117
1710940791444765700,19.803765625,-0.09721250087022781,-0.11481250077486038,0.2125750035047531
1710940791538799000,19.897799072265624,-0.24021250009536743,-0.21133749186992645,-0.30057498812675476
1710940791632833000,19.9918330078125,-0.08992499858140945,0.2700499892234802,0.3750999867916107
1710940791726866400,20.085866455078126,0.0016499999910593033,-0.4618625044822693,-0.2162874937057495
1710940791820900000,20.179900146484375,0.02488750033080578,-0.07699999958276749,0.08799999952316284
1710940791914933800,20.273933837890624,0.08236250281333923,0.14657500386238098,0.1722874939441681
1710940792008967400,20.367967529296877,0.07383749634027481,0.18809999525547028,0.020762499421834946
1710940792103000800,20.462000732421874,0.1629374921321869,0.16376249492168427,0.0037124999798834324
1710940792197034500,20.556034423828127,0.09212499856948853,0.10999999940395355,0.02681249938905239
1710940792291068200,20.650068115234376,0.03464999794960022,0.06476250290870667,0.025712499395012856
1710940792385101800,20.744101806640625,0.040837500244379044,-0.0147124994546175,0.1270499974489212
1710940792479135500,20.838135498046874,0.053075000643730164,-0.23704999685287476,-0.4129124879837036
1710940792573169200,20.932169189453123,0.06407500058412552,0.2638624906539917,0.21381250023841858
1710940792667202800,21.026202880859376,-0.07163749635219574,0.28833749890327454,-0.21752500534057617
1710940792761236200,21.120236328125,-0.1387374997138977,0.0695749968290329,0.23828749358654022
1710940792855270000,21.214269775390626,0.10188750177621841,0.16981250047683716,-0.015949999913573265
1710940792949303600,21.308303466796875,0.016362499445676804,-0.04028749838471413,0.10876250267028809
1710940793043337200,21.402337158203125,-0.012924999929964542,-0.11233749985694885,0.006049999967217445
1710940793137371000,21.496370849609374,0.013887500390410423,0.14300000667572021,0.0012374999932944775
1710940793231404300,21.590404296875,0.05912499874830246,0.10876250267028809,-0.04028749838471413
1710940793325438000,21.68443798828125,0.10064999759197235,0.01952499896287918,0.0012374999932944775
1710940793419471400,21.778471435546876,0.09817499667406082,-0.07328750193119049,0.02928750030696392
1710940793513505300,21.87250537109375,-0.014162499457597733,-0.14904999732971191,-0.007287499960511923
1710940793607538700,21.96653857421875,-0.10821250081062317,-0.07947500050067902,-0.015949999913573265
1710940793701572400,22.060572265625,-0.16073749959468842,-0.12457499653100967,-0.02199999988079071
1710940793795605800,22.154605712890625,-0.14973749220371246,0.11852499842643738,-0.08799999952316284
1710940793889639400,22.248639404296874,-0.1326874941587448,0.13805000483989716,0.3823874890804291
1710940793983673300,22.34267333984375,-0.009349999949336052,-0.11976250261068344,-0.1551000028848648
1710940794077706800,22.436706787109376,-0.19373749196529388,0.10628750175237656,-0.09033749997615814
1710940794171740400,22.530740478515625,-0.08744999766349792,-0.1588124930858612,-0.01347499992698431
1710940794265773800,22.62477392578125,-0.05211250111460686,-0.06228749826550484,0.00494999997317791
1710940794359807500,22.718807373046875,-0.055687498301267624,0.0012374999932944775,0.030524998903274536
1710940794453841000,22.8128408203125,0.10188750177621841,0.1013374999165535,-0.002474999986588955
1710940794547874600,22.90687451171875,0.18617500364780426,0.18576249480247498,-0.06847500056028366
1710940794641908000,23.000907958984374,0.2569875121116638,0.17586250603199005,-0.02199999988079071
1710940794735942000,23.09494189453125,0.3205125033855438,0.1625249981880188,0.06104999780654907
1710940794829975300,23.188975341796876,0.4329875111579895,0.0635249987244606,0.13433749973773956
1710940794924009000,23.283009033203125,0.5037999749183655,-0.3041499853134155,-0.5289624929428101
1710940795018042400,23.37704248046875,0.19112500548362732,-0.3041499853134155,0.6670125126838684
1710940795112076000,23.471075927734375,0.10064999759197235,0.603487491607666,0.29809999465942383
1710940795206109400,23.565109375,0.36451250314712524,-0.2895750105381012,0.16005000472068787
1710940795300143000,23.65914306640625,-0.1326874941587448,0.09776250272989273,-0.22605000436306
1710940795394176500,23.753176513671875,-0.08621250092983246,0.18205000460147858,-0.04647500067949295
1710940795488210200,23.847210205078124,-0.18645000457763672,0.09281250089406967,-0.042762499302625656
1710940795582243600,23.94124365234375,-0.1839749962091446,-0.06228749826550484,-0.08799999952316284
1710940795676277200,24.03527734375,-0.2732124924659729,-0.06476250290870667,-0.042762499302625656
1710940795770311000,24.129310791015627,-0.30002498626708984,-0.028049999848008156,0.0012374999932944775
1710940795864344300,24.22334423828125,-0.2975499927997589,-0.1050499975681305,0.04028749838471413
1710940795958378000,24.3173779296875,-0.20350000262260437,-0.020762499421834946,-0.13557499647140503
1710940796052411400,24.411411376953126,-0.1363999992609024,0.19910000264644623,-0.08799999952316284
1710940796146444800,24.50544482421875,0.03464999794960022,0.1588124930858612,0.5814874768257141
1710940796240478500,24.599478515625,0.06517499685287476,-0.11604999750852585,0.06599999964237213
1710940796334512000,24.69351220703125,-0.006874999962747097,-0.10023749619722366,-0.12099999934434891
1710940796428545500,24.787545654296874,0.11412499845027924,0.25657498836517334,0.20528750121593475
1710940796522579200,24.8815791015625,-0.010449999943375587,-0.11481250077486038,-0.2895750105381012
1710940796616612600,24.975612548828124,0.1788875013589859,0.17352500557899475,-0.17586250603199005
1710940796710646300,25.069646240234373,0.2032250016927719,-0.00494999997317791,-0.002474999986588955
1710940796804679700,25.1636796875,0.27898749709129333,0.1685750037431717,-0.0085249999538064
1710940796898713300,25.25771337890625,0.40974998474121094,0.13928750157356262,0.010999999940395355
1710940796992746500,25.35174658203125,0.1849374920129776,0.5669124722480774,-0.20652499794960022
1710940797086780000,25.44577978515625,0.14464999735355377,-0.19552500545978546,0.17586250603199005
1710940797180813600,25.5398134765625,-0.09487500041723251,0.09776250272989273,0.9517750144004822
1710940797274847200,25.63384716796875,-0.24626250565052032,-0.32133749127388,-0.035475000739097595
1710940797368880600,25.727880615234376,-0.5358374714851379,-0.3091000020503998,0.1625249981880188
1710940797462914300,25.821914306640625,-0.8314625024795532,-0.035475000739097595,-0.20157499611377716
1710940797556947700,25.91594775390625,-0.775362491607666,-0.17104999721050262,-0.17710000276565552
1710940797650981000,26.009981201171875,-0.583549976348877,-0.2700499892234802,-0.1405249983072281
1710940797745014800,26.104014892578125,-0.544362485408783,-0.19181250035762787,-0.05376249924302101
1710940797839048400,26.19804833984375,-0.6543624997138977,-0.11852499842643738,0.1845249980688095
1710940797933081600,26.29208154296875,-0.4637874960899353,-0.02447500079870224,-0.18576249480247498
1710940798027115300,26.386115234375,-0.30250000953674316,-0.09776250272989273,0.6927250027656555
1710940798121148700,26.480148681640625,-0.4345000088214874,-0.18576249480247498,-0.04028749838471413
1710940798215182000,26.57418212890625,-0.7386500239372253,-0.3971000015735626,-0.2773374915122986
1710940798309215700,26.6682158203125,-0.4723125100135803,0.43738749623298645,0.3786749839782715
1710940798403249200,26.762249267578124,-0.2915000021457672,-0.12223749607801437,-0.48262500762939453
1710940798497282600,26.856282470703125,-0.017875000834465027,0.18081249296665192,-0.2223374992609024
1710940798591316000,26.95031591796875,0.13612499833106995,0.31033748388290405,0.0989999994635582
1710940798685349600,27.044349609375,0.3242250084877014,0.10628750175237656,0.047712501138448715
1710940798779383000,27.138383056640624,0.35475000739097595,-0.035475000739097595,0.17352500557899475
1710940798873416700,27.232416748046877,0.2569875121116638,0.09652499854564667,-0.22852499783039093
1710940798967450000,27.3264501953125,0.018837500363588333,-0.329862505197525,0.5326749682426453
1710940799061483500,27.4204833984375,-0.21821250021457672,-0.22728750109672546,0.5522000193595886
1710940799155517000,27.514516845703124,-0.19744999706745148,0.23086249828338623,-0.07947500050067902
1710940799249550600,27.608550537109377,-0.37950000166893005,-0.3531000018119812,-0.1307625025510788
1710940799343584000,27.702583984375,-0.7961249947547913,-0.08923749625682831,-0.12828749418258667
1710940799437617200,27.7966171875,-0.5603125095367432,0.1368124932050705,-0.30057498812675476
1710940799531650800,27.89065087890625,-0.5517874956130981,-0.02928750030696392,0.02199999988079071
1710940799625684500,27.9846845703125,-0.3195500075817108,-0.1685750037431717,-0.05376249924302101
1710940799719718000,28.0787177734375,-0.2316875010728836,-0.035475000739097595,-0.00494999997317791
1710940799813751300,28.172751220703127,-0.06916250288486481,-0.1648624986410141,0.032999999821186066
1710940799907784700,28.26678466796875,-0.015399999916553497,-0.4936249852180481,-0.3653374910354614
1710940800001818400,28.360818359375,0.15812499821186066,0.18576249480247498,0.5009124875068665
1710940800095851800,28.454851806640626,0.3377000093460083,0.08181250095367432,0.1845249980688095
1710940800189885200,28.54888525390625,0.2582249939441681,-0.05128749832510948,0.11233749985694885
1710940800283918600,28.642918701171876,0.5625125169754028,0.6169624924659729,0.037812501192092896
1710940800377952000,28.736951904296873,0.7701374888420105,0.14176249504089355,-0.39943748712539673
1710940800471985400,28.8309853515625,0.8336625099182129,-0.07823749631643295,-0.40191251039505005
1710940800566018800,28.925018798828123,0.8190875053405762,0.17833749949932098,0.01952499896287918
1710940800660052500,29.019052490234376,0.6895624995231628,0.22481249272823334,0.0695749968290329
1710940800754086000,29.1130859375,0.6613749861717224,0.1868624985218048,0.09404999762773514
1710940800848119300,29.207119384765626,0.5135625004768372,0.16609999537467957,0.12457499653100967
1710940800942152700,29.301152587890623,0.3730374872684479,0.05004999786615372,0.21381250023841858
1710940801036186000,29.39518603515625,0.2264624983072281,-0.19676250219345093,0.25286251306533813
1710940801130219800,29.4892197265625,0.2106499969959259,0.08923749625682831,0.1685750037431717
1710940801224253000,29.5832529296875,0.45003750920295715,0.4398624897003174,-0.023237500339746475
1710940801318286600,29.67728662109375,0.15565000474452972,-0.01347499992698431,-0.17476250231266022
1710940801412320000,29.771320068359376,0.0004124999977648258,0.04399999976158142,-0.20281249284744263
1710940801506353400,29.865353515625,0.13488750159740448,0.31033748388290405,-0.18081249296665192
1710940801600386800,29.95938671875,-0.023924998939037323,-0.20762500166893005,-0.007287499960511923
1710940801694420200,30.053420166015623,-0.09597499668598175,-0.1685750037431717,0.0317624993622303
1710940801788453600,30.14745361328125,-0.1387374997138977,-0.057475000619888306,0.07452499866485596
1710940801882487000,30.241487060546874,-0.1461624950170517,-0.22481249272823334,0.1270499974489212
1710940801976520700,30.335520751953126,-0.06187500059604645,-0.01347499992698431,0.2638624906539917
1710940802070553900,30.429553955078124,0.18988749384880066,0.1845249980688095,0.6194375157356262
1710940802164587300,30.523587158203124,0.40246251225471497,-0.07452499866485596,-0.0672374963760376
1710940802258621000,30.617620849609374,0.47203749418258667,0.10381250083446503,0.0672374963760376
1710940802352654300,30.711654296875,0.7921375036239624,0.3139125108718872,-0.273624986410141
1710940802446687700,30.805687744140624,1.1940499544143677,0.5314375162124634,-0.2798124849796295
1710940802540721200,30.89972119140625,1.4848624467849731,0.07452499866485596,-0.3848625123500824
1710940802634754600,30.993754638671874,1.6814874410629272,0.24681249260902405,-0.03423750028014183
1710940802728788000,31.0877880859375,1.6314375400543213,0.28338751196861267,-0.13433749973773956
1710940802822821400,31.1818212890625,1.4775749444961548,0.3396250009536743,-0.07576250284910202
1710940802916854800,31.275854736328125,1.4396250247955322,0.26510000228881836,-0.05252499878406525
1710940803010888200,31.36988818359375,1.3468124866485596,0.010999999940395355,-0.028049999848008156
1710940803104921600,31.463921630859375,1.2698124647140503,-0.17833749949932098,-0.3811500072479248
1710940803198955000,31.557955078125,1.4030499458312988,0.3139125108718872,-0.16981250047683716
1710940803292988400,31.651988525390625,1.4823875427246094,0.4862000048160553,0.057475000619888306
1710940803387021800,31.746021728515625,1.812250018119812,0.8893499970436096,-0.4739624857902527
1710940803481055200,31.84005517578125,1.6596249341964722,-0.0989999994635582,-0.11604999750852585
1710940803575088600,31.934088623046875,1.5116750001907349,0.26881250739097595,-0.14904999732971191
1710940803669122300,32.02812231445313,1.3602875471115112,0.00976249948143959,-0.1942874938249588
1710940803763155500,32.12215551757812,0.947237491607666,0.10876250267028809,-0.12581250071525574
1710940803857188900,32.21618896484375,0.7090874910354614,0.1648624986410141,-0.17104999721050262
1710940803951222300,32.31022216796875,0.46722498536109924,0.06847500056028366,-0.11604999750852585
1710940804045255700,32.404255615234376,0.4927999973297119,-0.09404999762773514,-0.21381250023841858
1710940804139289000,32.4982890625,0.3620375096797943,0.22481249272823334,-0.18205000460147858
1710940804233322500,32.59232250976562,0.41827499866485596,0.04881250113248825,0.23938749730587006
1710940804327356000,32.68635595703125,0.5050374865531921,0.4398624897003174,0.08552499860525131
1710940804421389300,32.780389404296876,0.4292750060558319,-0.16128750145435333,0.17710000276565552
1710940804515422500,32.87442236328125,0.4292750060558319,0.17586250603199005,-0.006049999967217445
1710940804609456000,32.9684560546875,0.6382749676704407,0.07081250101327896,-0.14300000667572021
1710940804703489300,33.0624892578125,0.7860875129699707,0.09652499854564667,-0.006049999967217445
1710940804797522700,33.156522705078125,0.6175125241279602,0.07452499866485596,0.10999999940395355
1710940804891556000,33.25055615234375,0.42803749442100525,0.19786250591278076,0.11604999750852585
1710940804985589500,33.34458959960938,0.30717501044273376,0.13557499647140503,0.07081250101327896
1710940805079623000,33.43862280273437,0.2937000095844269,0.1685750037431717,0.06847500056028366
1710940805173656000,33.53265600585937,0.20446249842643738,-0.2638624906539917,0.08428750187158585
1710940805267689700,33.626689697265626,0.06159999966621399,-0.2700499892234802,0.22481249272823334
1710940805361723000,33.720722900390626,-0.009349999949336052,0.3786749839782715,0.32381248474121094
1710940805455756300,33.81475634765625,0.1153625026345253,-0.13928750157356262,-0.05252499878406525
1710940805549789700,33.90878979492187,-0.24873749911785126,-0.11481250077486038,0.007287499960511923
1710940805643823000,34.002822998046874,-0.2194499969482422,0.14533749222755432,-0.10752499848604202
1710940805737856300,34.096856201171875,-0.3465000092983246,-0.08181250095367432,-0.12099999934434891
1710940805831890000,34.19088989257813,-0.3097875118255615,-0.17586250603199005,-0.1405249983072281
1710940805925923000,34.28492309570313,-0.4100250005722046,-0.0147124994546175,-0.05857500061392784
1710940806019956200,34.37895629882812,-0.37578749656677246,-0.0635249987244606,0.11976250261068344
1710940806113990000,34.472989990234375,-0.21821250021457672,-0.25533750653266907,-0.09776250272989273
1710940806208023300,34.567023193359375,-0.1326874941587448,-0.14657500386238098,-0.2358125001192093
1710940806302056700,34.661056640625,-0.06421250104904175,0.12223749607801437,0.5669124722480774
1710940806396089900,34.75508984375,-0.08992499858140945,0.045237500220537186,-0.02681249938905239
1710940806490123300,34.84912329101562,0.06159999966621399,0.19676250219345093,0.02199999988079071
1710940806584156700,34.94315673828125,0.11288750171661377,-0.0037124999798834324,-0.3445749878883362
1710940806678189800,35.03718994140625,0.1434125006198883,0.06476250290870667,-0.3689124882221222
1710940806772223500,35.13122338867188,0.2546499967575073,0.18576249480247498,-0.04647500067949295
1710940806866256600,35.22525659179688,0.31322500109672546,0.15028749406337738,0.025712499395012856
1710940806960290000,35.3192900390625,0.3535124957561493,0.07699999958276749,0.05623750016093254
1710940807054323500,35.413323486328125,0.2937000095844269,0.12333749979734421,0.0989999994635582
1710940807148356600,35.507356689453125,0.3596999943256378,0.14904999732971191,0.020762499421834946
1710940807242390000,35.60139013671875,0.2839374840259552,-0.14409999549388885,0.37014999985694885
1710940807336423400,35.69542333984375,0.2167000025510788,-0.24310000240802765,0.24186250567436218
1710940807430456600,35.78945654296875,0.19717499613761902,0.02447500079870224,0.09157499670982361
1710940807524490000,35.883489990234374,0.16664999723434448,0.17104999721050262,-0.1625249981880188
1710940807618523400,35.9775234375,0.006599999964237213,-0.015949999913573265,-0.04028749838471413
1710940807712556500,36.071556640625,0.02488750033080578,0.23828749358654022,-0.12223749607801437
1710940807806590000,36.16558984375,0.0518375001847744,-0.07204999774694443,-0.08923749625682831
1710940807900623400,36.25962329101562,-0.016637500375509262,-0.1368124932050705,-0.023237500339746475
1710940807994656800,36.35365673828125,-0.06916250288486481,-0.16376249492168427,0.01952499896287918
1710940808088690000,36.44768994140625,-0.008112499490380287,-0.05004999786615372,0.06847500056028366
1710940808182723300,36.541723388671876,0.04441250115633011,-0.0085249999538064,0.07452499866485596
1710940808276756700,36.6357568359375,0.02488750033080578,0.02681249938905239,-0.25657498836517334
1710940808370790000,36.72978979492188,0.15565000474452972,-0.06847500056028366,0.4838624894618988
1710940808464823300,36.8238232421875,0.06159999966621399,0.04028749838471413,0.12333749979734421
1710940808558856700,36.917856689453124,0.2069374918937683,0.06228749826550484,-0.13805000483989716
1710940808652889900,37.011889892578125,0.31817498803138733,-0.09404999762773514,-0.18081249296665192
1710940808746923000,37.105923095703126,0.37427499890327454,0.09404999762773514,-0.09652499854564667
1710940808840956400,37.19995629882813,0.4342249929904938,0.09776250272989273,-0.02681249938905239
1710940808934989800,37.29398974609375,0.4562250077724457,0.13928750157356262,-0.023237500339746475
1710940809029023000,37.38802294921875,0.5220875144004822,0.09157499670982361,0.023237500339746475
1710940809123056400,37.482056396484374,0.5013250112533569,0.05623750016093254,0.15028749406337738
1710940809217089500,37.576089599609375,0.46351251006126404,0.07576250284910202,0.12099999934434891
1710940809311122700,37.670122802734376,0.3499374985694885,-0.3493874967098236,0.29081249237060547
1710940809405156000,37.76415600585938,0.06407500058412552,-0.14176249504089355,0.07328750193119049
1710940809499189500,37.858189453125,-0.0056374999694526196,0.006049999967217445,0.22962500154972076
1710940809593222700,37.95222265625,-0.0056374999694526196,0.0635249987244606,0.11481250077486038
1710940809687256000,38.046256103515624,0.11659999936819077,0.04881250113248825,-0.08552499860525131
1710940809781289200,38.140289306640625,-0.021449999883770943,0.15152500569820404,-0.02928750030696392
1710940809875323000,38.23432299804688,0.04441250115633011,0.21504999697208405,-0.16005000472068787
1710940809969356000,38.32835595703125,-0.08621250092983246,-0.11123749613761902,-0.0147124994546175
1710940810063389200,38.42238916015625,-0.1363999992609024,-0.07823749631643295,-0.00976249948143959
1710940810157422600,38.51642260742187,-0.2059749960899353,0.01347499992698431,-0.035475000739097595
1710940810251455700,38.610455810546874,-0.15344999730587006,0.023237500339746475,0.042762499302625656
1710940810345489000,38.704489013671875,-0.15950000286102295,-0.06847500056028366,-0.15028749406337738
1710940810439522600,38.7985224609375,-0.05211250111460686,0.12828749418258667,-0.05004999786615372
1710940810533555700,38.8925556640625,-0.07644999772310257,-0.0635249987244606,0.36410000920295715
1710940810627588900,38.9865888671875,-0.15097500383853912,0.010999999940395355,0.18205000460147858
1710940810721622300,39.08062231445312,-0.164450004696846,-0.14176249504089355,-0.05376249924302101
1710940810815655400,39.174655517578124,0.0004124999977648258,0.035475000739097595,0.015812499448657036
1710940810909688600,39.2686884765625,0.133650004863739,-0.01347499992698431,-0.1013374999165535
1710940811003722200,39.36272216796875,0.16169999539852142,0.04152499884366989,-0.14176249504089355
1710940811097755400,39.45675537109375,0.1629374921321869,0.24062499403953552,0.057475000619888306
1710940811191788500,39.55078857421875,0.21793749928474426,0.16609999537467957,0.12457499653100967
1710940811285822000,39.64482202148437,0.30469998717308044,0.13199999928474426,0.19304999709129333
1710940811379855000,39.738855224609374,0.27898749709129333,0.2186249941587448,0.3445749878883362
1710940811473888500,39.832888427734375,0.19346250593662262,0.0037124999798834324,0.2773374915122986
1710940811567921700,39.926921630859376,-0.027637500315904617,-0.2540999948978424,0.49114999175071716
1710940811661954800,40.020954833984376,-0.13763749599456787,0.19181250035762787,0.06847500056028366
1710940811755988000,40.11498803710938,-0.13021250069141388,0.06599999964237213,-0.13433749973773956
1710940811850021400,40.209021484375,-0.30621248483657837,-0.018287500366568565,-0.00494999997317791
1710940811944054800,40.3030546875,-0.2890250086784363,0.10999999940395355,-0.0695749968290329
1710940812038088000,40.397087890625,-0.3012624979019165,0.07452499866485596,-0.030524998903274536
1710940812132121300,40.491121337890625,-0.31226250529289246,-0.11123749613761902,-0.05128749832510948
1710940812226154500,40.585154541015626,-0.37207499146461487,-0.04028749838471413,-0.006049999967217445
1710940812320187600,40.67918774414063,-0.5420249700546265,-0.4251500070095062,-0.07947500050067902
