record_version,record_number,record_timestamp,aux_timestamp,ir_object_temp_cC,ir_ambient_temp_cC,aux_flags
2,0,1757714266109,1757714266273,0,0,7
2,1,1757714266275,1757714266496,0,-1,31
2,2,1757714266442,1757714266598,0,-1,31
2,3,1757714266609,1757714266746,0,-1,31
2,4,1757714266775,1757714266896,0,-1,31
2,5,1757714266942,1757714267107,0,-1,31
2,5,1757714266942,1757714267107,0,-1,31
2,6,1757714267109,1757714267205,0,-1,31
2,7,1757714267275,1757714267355,0,-1,31
2,8,1757714267442,1757714267355,0,-1,31
2,9,1757714267609,1757714267355,0,-1,31
2,10,1757714267775,1757714267924,0,-1,31
2,11,1757714267942,1757714268121,0,-1,31
2,12,1757714268109,1757714268220,0,-1,31
2,13,1757714268275,1757714268370,0,-1,31
2,14,1757714268442,1757714268370,0,-1,31
2,16,1757714268775,1757714268942,0,-1,31
2,16,1757714268775,1757714268942,0,-1,31
2,17,1757714268942,1757714269091,0,-1,31
2,18,1757714269109,1757714269289,0,-1,31
2,19,1757714269275,1757714269399,0,-1,31
2,20,1757714269442,1757714269399,0,-1,31
2,22,1757714269775,1757714269951,0,-1,31
2,23,1757714269942,1757714270108,0,-1,31
2,24,1757714270109,1757714270309,0,-1,31
2,25,1757714270275,1757714270408,0,-1,31
2,26,1757714270442,1757714270408,0,-1,31
2,27,1757714270609,1757714270408,0,-1,31
2,28,1757714270775,1757714270973,0,-1,31
2,29,1757714270942,1757714271122,0,-1,31
2,30,1757714271109,1757714271320,0,-1,31
2,30,1757714271109,1757714271320,0,-1,31
2,32,1757714271442,1757714271419,0,-1,31
2,32,1757714271442,1757714271419,0,-1,31
2,34,1757714271775,1757714271933,0,-1,31
2,35,1757714271942,1757714272143,0,-1,31
2,36,1757714272109,1757714272292,0,-1,31
2,37,1757714272275,1757714272492,0,-1,31
2,38,1757714272442,1757714272641,0,-1,31
2,39,1757714272609,1757714272839,0,-1,31
2,40,1757714272775,1757714272938,0,-1,31
2,40,1757714272775,1757714272938,0,-1,31
2,41,1757714272942,1757714273139,0,-1,31
2,42,1757714273109,1757714273296,0,-1,31
2,43,1757714273275,1757714273496,0,-1,31
2,45,1757714273609,1757714273496,0,-1,31
2,46,1757714273775,1757714273966,0,-1,31
2,47,1757714273942,1757714274174,0,-1,31
2,48,1757714274109,1757714274323,0,-1,31
2,49,1757714274275,1757714274473,0,-1,31
2,50,1757714274442,1757714274573,0,-1,31
2,51,1757714274609,1757714274573,0,-1,31
2,52,1757714274775,1757714274984,0,-1,31
2,53,1757714274942,1757714275194,0,-1,31
2,54,1757714275109,1757714275343,0,-1,31
2,55,1757714275275,1757714275503,0,-1,31
2,56,1757714275442,1757714275603,0,-1,31
2,57,1757714275609,1757714275603,0,-1,31
2,58,1757714275775,1757714276000,0,-1,31
2,59,1757714275942,1757714276200,0,-1,31
2,60,1757714276109,1757714276357,0,-1,31
2,61,1757714276275,1757714276505,0,-1,31
2,62,1757714276442,1757714276554,0,-1,31
2,63,1757714276609,1757714276554,0,-1,31
2,64,1757714276775,1757714277017,0,-1,31
2,65,1757714276942,1757714277123,0,-1,31
2,66,1757714277109,1757714277372,0,-1,31
2,67,1757714277275,1757714277520,0,-1,31
2,68,1757714277442,1757714277567,0,-1,31
2,68,1757714277442,1757714277567,0,-1,31
2,70,1757714277775,1757714278033,0,-1,31
2,70,1757714277775,1757714278033,0,-1,31
2,71,1757714277942,1757714278140,0,-1,31
2,72,1757714278109,1757714278389,0,-1,31
2,73,1757714278275,1757714278538,0,-1,31
2,75,1757714278609,1757714278586,0,-1,31
2,76,1757714278775,1757714279050,0,-1,31
2,77,1757714278942,1757714279148,0,-1,31
2,78,1757714279109,1757714279407,0,-1,31
2,79,1757714279275,1757714279555,0,-1,31
2,80,1757714279442,1757714279705,0,-1,31
2,81,1757714279609,1757714279705,0,-1,31
2,82,1757714279775,1757714280068,0,-1,31
2,83,1757714279942,1757714280176,0,-1,31
2,84,1757714280109,1757714280426,0,-1,31
2,85,1757714280275,1757714280575,0,-1,31
2,86,1757714280442,1757714280725,0,-1,31
2,87,1757714280609,1757714280773,0,-1,31
2,88,1757714280775,1757714281084,0,-1,31
2,89,1757714280942,1757714281190,0,-1,31
2,90,1757714281109,1757714281338,0,-1,31
2,91,1757714281275,1757714281588,0,-1,31
2,92,1757714281442,1757714281695,0,-1,31
2,93,1757714281609,1757714281695,0,-1,31
2,94,1757714281775,1757714282101,0,-1,31
2,95,1757714281942,1757714282199,0,-1,31
2,96,1757714282109,1757714282358,0,-1,31
2,97,1757714282275,1757714282608,0,-1,31
2,98,1757714282442,1757714282757,0,-1,31
2,99,1757714282609,1757714282757,0,-1,31
2,100,1757714282775,1757714283120,0,-1,31
2,101,1757714282942,1757714283227,0,-1,31
2,102,1757714283109,1757714283376,0,-1,31
2,103,1757714283275,1757714283628,0,-1,31
2,104,1757714283442,1757714283727,0,-1,31
2,105,1757714283609,1757714283886,0,-1,31
2,106,1757714283775,1757714284136,0,-1,31
2,107,1757714283942,1757714284235,0,-1,31
2,108,1757714284109,1757714284384,0,-1,31
2,109,1757714284275,1757714284632,0,-1,31
2,110,1757714284442,1757714284789,0,-1,31
2,111,1757714284609,1757714284836,0,-1,31
2,112,1757714284775,1757714284836,0,-1,31
2,113,1757714284942,1757714285252,0,-1,31
2,114,1757714285109,1757714285401,0,-1,31
2,115,1757714285275,1757714285611,0,-1,31
2,116,1757714285442,1757714285761,0,-1,31
2,117,1757714285609,1757714285961,0,-1,31
2,117,1757714285609,1757714285961,0,-1,31
2,118,1757714285775,1757714286011,0,-1,31
2,120,1757714286109,1757714286423,0,-1,31
2,120,1757714286109,1757714286423,0,-1,31
2,121,1757714286275,1757714286571,0,-1,31
2,122,1757714286442,1757714286820,0,-1,31
2,124,1757714286775,1757714286970,0,-1,31
2,125,1757714286942,1757714287283,0,-1,31
2,126,1757714287109,1757714287431,0,-1,31
2,127,1757714287275,1757714287579,0,-1,31
2,128,1757714287442,1757714287837,0,-1,31
2,129,1757714287609,1757714287987,0,-1,31
2,130,1757714287775,1757714288087,0,-1,31
2,131,1757714287942,1757714288300,0,-1,31
2,132,1757714288109,1757714288449,0,-1,31
2,132,1757714288109,1757714288449,0,-1,31
2,133,1757714288275,1757714288607,0,-1,31
2,134,1757714288442,1757714288859,0,-1,31
2,135,1757714288609,1757714288958,0,-1,31
2,137,1757714288942,1757714289326,0,-1,31
2,138,1757714289109,1757714289474,0,-1,31
2,139,1757714289275,1757714289623,0,-1,31
2,140,1757714289442,1757714289875,0,-1,31
2,141,1757714289609,1757714289974,0,-1,31
2,142,1757714289775,1757714290133,0,-1,31
2,143,1757714289942,1757714290333,0,-1,31
2,144,1757714290109,1757714290483,0,-1,31
2,145,1757714290275,1757714290683,0,-1,31
2,145,1757714290275,1757714290683,0,-1,31
2,147,1757714290609,1757714291037,0,-1,31
2,147,1757714290609,1757714291037,0,-1,31
2,148,1757714290775,1757714291186,0,-1,31
2,149,1757714290942,1757714291353,0,-1,31
2,150,1757714291109,1757714291502,0,-1,31
2,151,1757714291275,1757714291712,0,-1,31
2,152,1757714291442,1757714291861,0,-1,31
2,153,1757714291609,1757714292057,0,-1,31
2,154,1757714291775,1757714292205,0,-1,31
2,155,1757714291942,1757714292368,0,-1,31
2,156,1757714292109,1757714292526,0,-1,31
2,157,1757714292275,1757714292674,0,-1,31
2,158,1757714292442,1757714292823,0,-1,31
2,159,1757714292609,1757714293073,0,-1,31
2,161,1757714292942,1757714293385,0,-1,31
2,162,1757714293109,1757714293535,0,-1,31
2,163,1757714293275,1757714293735,0,-1,31
2,164,1757714293442,1757714293883,0,-1,31
2,165,1757714293609,1757714294090,0,-1,31
2,166,1757714293775,1757714294189,0,-1,31
2,167,1757714293942,1757714294404,0,-1,31
2,168,1757714294109,1757714294555,0,-1,31
2,169,1757714294275,1757714294765,0,-1,31
2,170,1757714294442,1757714294912,0,-1,31
2,171,1757714294609,1757714295060,0,-1,31
2,172,1757714294775,1757714295208,0,-1,31
2,172,1757714294775,1757714295208,0,-1,31
2,173,1757714294942,1757714295419,0,-1,31
2,174,1757714295109,1757714295579,0,-1,31
2,175,1757714295275,1757714295728,0,-1,31
2,176,1757714295442,1757714295928,0,-1,31
2,177,1757714295609,1757714296079,0,-1,31
2,178,1757714295775,1757714296237,0,-1,31
2,179,1757714295942,1757714296337,0,-1,31
2,180,1757714296109,1757714296337,0,-1,31
2,181,1757714296275,1757714296337,0,-1,31
2,182,1757714296442,1757714296945,0,-1,31
2,183,1757714296609,1757714297102,0,-1,31
2,184,1757714296775,1757714297250,0,-1,31
2,185,1757714296942,1757714297454,0,-1,31
2,186,1757714297109,1757714297602,0,-1,31
2,187,1757714297275,1757714297750,0,-1,31
2,188,1757714297442,1757714297907,0,-1,31
2,188,1757714297442,1757714297907,0,-1,31
2,190,1757714297775,1757714298205,0,-1,31
2,191,1757714297942,1757714298455,0,-1,31
2,191,1757714297942,1757714298455,0,-1,31
2,192,1757714298109,1757714298455,0,-1,31
2,193,1757714298275,1757714298455,0,-1,31
2,195,1757714298609,1757714299132,0,-1,31
2,195,1757714298609,1757714299132,0,-1,31
2,197,1757714298942,1757714299439,0,-1,31
2,198,1757714299109,1757714299439,0,-1,31
2,199,1757714299275,1757714299439,0,-1,31
2,200,1757714299442,1757714299946,0,-1,31
2,201,1757714299609,1757714300152,0,-1,31
2,202,1757714299775,1757714300300,0,-1,31
2,203,1757714299942,1757714300449,0,-1,31
2,204,1757714300109,1757714300449,0,-1,31
2,206,1757714300442,1757714300972,0,-1,31
2,206,1757714300442,1757714300972,0,-1,31
2,208,1757714300775,1757714301271,0,-1,31
2,209,1757714300942,1757714301420,0,-1,31
2,209,1757714300942,1757714301420,0,-1,31
2,210,1757714301109,1757714301580,0,-1,31
2,211,1757714301275,1757714301580,0,-1,31
2,212,1757714301442,1757714301981,0,-1,31
2,214,1757714301775,1757714302281,0,-1,31
2,215,1757714301942,1757714302439,0,-1,31
2,216,1757714302109,1757714302589,0,-1,31
2,217,1757714302275,1757714302589,0,-1,31
2,218,1757714302442,1757714302996,0,-1,31
2,218,1757714302442,1757714302996,0,-1,31
2,219,1757714302609,1757714303195,0,-1,31
2,220,1757714302775,1757714303304,0,-1,31
2,221,1757714302942,1757714303504,0,-1,31
2,222,1757714303109,1757714303654,0,-1,31
2,223,1757714303275,1757714303654,0,-1,31
2,224,1757714303442,1757714304024,0,-1,31
2,225,1757714303609,1757714304172,0,-1,31
2,225,1757714303609,1757714304172,0,-1,31
2,226,1757714303775,1757714304367,0,-1,31
2,227,1757714303942,1757714304515,0,-1,31
2,228,1757714304109,1757714304664,0,-1,31
2,230,1757714304442,1757714305038,0,-1,31
2,230,1757714304442,1757714305038,0,-1,31
2,231,1757714304609,1757714305186,0,-1,31
2,232,1757714304775,1757714305383,0,-1,31
2,233,1757714304942,1757714305492,0,-1,31
2,234,1757714305109,1757714305693,0,-1,31
2,236,1757714305442,1757714306047,0,-1,31
2,236,1757714305442,1757714306047,0,-1,31
2,237,1757714305609,1757714306195,0,-1,31
2,238,1757714305775,1757714306403,0,-1,31
2,239,1757714305942,1757714306503,0,-1,31
2,240,1757714306109,1757714306652,0,-1,31
2,241,1757714306275,1757714306652,0,-1,31
2,242,1757714306442,1757714307071,0,-1,31
2,243,1757714306609,1757714307220,0,-1,31
2,244,1757714306775,1757714307418,0,-1,31
2,246,1757714307109,1757714307666,0,-1,31
2,246,1757714307109,1757714307666,0,-1,31
2,247,1757714307275,1757714307666,0,-1,31
2,248,1757714307442,1757714308029,0,-1,31
2,249,1757714307609,1757714308238,0,-1,31
2,250,1757714307775,1757714308386,0,-1,31
2,251,1757714307942,1757714308587,0,-1,31
2,253,1757714308275,1757714308745,0,-1,31
2,254,1757714308442,1757714309098,0,-1,31
2,255,1757714308609,1757714309246,0,-1,31
2,256,1757714308775,1757714309404,0,-1,31
2,257,1757714308942,1757714309606,0,-1,31
2,258,1757714309109,1757714309754,0,-1,31
2,259,1757714309275,1757714309854,0,-1,31
2,260,1757714309442,1757714310063,0,-1,31
2,261,1757714309609,1757714310273,0,-1,31
2,262,1757714309775,1757714310421,0,-1,31
2,263,1757714309942,1757714310570,0,-1,31
2,264,1757714310109,1757714310771,0,-1,31
2,265,1757714310275,1757714310930,0,-1,31
2,266,1757714310442,1757714311080,0,-1,31
2,267,1757714310609,1757714311280,0,-1,31
2,268,1757714310775,1757714311428,0,-1,31
2,269,1757714310942,1757714311626,0,-1,31
2,270,1757714311109,1757714311735,0,-1,31
2,271,1757714311275,1757714311885,0,-1,31
2,272,1757714311442,1757714312096,0,-1,31
2,273,1757714311609,1757714312295,0,-1,31
2,274,1757714311775,1757714312453,0,-1,31
2,275,1757714311942,1757714312651,0,-1,31
2,276,1757714312109,1757714312751,0,-1,31
2,277,1757714312275,1757714312900,0,-1,31
2,278,1757714312442,1757714313113,0,-1,31
2,279,1757714312609,1757714313322,0,-1,31
2,280,1757714312775,1757714313470,0,-1,31
2,281,1757714312942,1757714313620,0,-1,31
2,282,1757714313109,1757714313821,0,-1,31
2,283,1757714313275,1757714313979,0,-1,31
2,284,1757714313442,1757714314131,0,-1,31
2,285,1757714313609,1757714314331,0,-1,31
2,286,1757714313775,1757714314479,0,-1,31
2,287,1757714313942,1757714314629,0,-1,31
2,288,1757714314109,1757714314836,0,-1,31
2,289,1757714314275,1757714314985,0,-1,31
2,290,1757714314442,1757714315147,0,-1,31
2,291,1757714314609,1757714315245,0,-1,31
2,292,1757714314775,1757714315495,0,-1,31
2,293,1757714314942,1757714315652,0,-1,31
2,294,1757714315109,1757714315802,0,-1,31
2,294,1757714315109,1757714315802,0,-1,31
2,295,1757714315275,1757714316002,0,-1,31
2,296,1757714315442,1757714316153,0,-1,31
2,297,1757714315609,1757714316201,0,-1,31
2,298,1757714315775,1757714316201,0,-1,31
2,299,1757714315942,1757714316672,0,-1,31
2,300,1757714316109,1757714316779,0,-1,31
2,301,1757714316275,1757714316928,0,-1,31
2,301,1757714316275,1757714316928,0,-1,31
2,303,1757714316609,1757714317287,0,-1,31
2,304,1757714316775,1757714317287,0,-1,31
2,305,1757714316942,1757714317689,0,-1,31
2,306,1757714317109,1757714317797,0,-1,31
2,307,1757714317275,1757714317947,0,-1,31
2,308,1757714317442,1757714318197,0,-1,31
2,309,1757714317609,1757714318297,0,-1,31
2,310,1757714317775,1757714318297,0,-1,31
2,311,1757714317942,1757714318707,0,-1,31
2,312,1757714318109,1757714318867,0,-1,31
2,313,1757714318275,1757714319017,0,-1,31
2,314,1757714318442,1757714319218,0,-1,31
2,314,1757714318442,1757714319218,0,-1,31
2,316,1757714318775,1757714319375,0,-1,31
2,317,1757714318942,1757714319723,0,-1,31
2,317,1757714318942,1757714319723,0,-1,31
2,318,1757714319109,1757714319822,0,-1,31
2,319,1757714319275,1757714319970,0,-1,31
2,320,1757714319442,1757714320228,0,-1,31
2,321,1757714319609,1757714320377,0,-1,31
2,322,1757714319775,1757714320424,0,-1,31
2,323,1757714319942,1757714320742,0,-1,31
2,324,1757714320109,1757714320850,0,-1,31
2,325,1757714320275,1757714320999,0,-1,31
2,326,1757714320442,1757714321251,0,-1,31
2,327,1757714320609,1757714321350,0,-1,31
2,328,1757714320775,1757714321350,0,-1,31
2,329,1757714320942,1757714321350,0,-1,31
2,330,1757714321109,1757714321862,0,-1,31
2,331,1757714321275,1757714322010,0,-1,31
2,332,1757714321442,1757714322158,0,-1,31
2,333,1757714321609,1757714322408,0,-1,31
2,334,1757714321775,1757714322567,0,-1,31
2,334,1757714321775,1757714322567,0,-1,31
2,335,1757714321942,1757714322567,0,-1,31
2,337,1757714322275,1757714323019,0,-1,31
2,338,1757714322442,1757714323177,0,-1,31
2,339,1757714322609,1757714323425,0,-1,31
2,340,1757714322775,1757714323573,0,-1,31
2,341,1757714322942,1757714323621,0,-1,31
2,342,1757714323109,1757714323890,0,-1,31
2,343,1757714323275,1757714324048,0,-1,31
2,344,1757714323442,1757714324197,0,-1,31
2,345,1757714323609,1757714324449,0,-1,31
2,346,1757714323775,1757714324548,0,-1,31
2,347,1757714323942,1757714324548,0,-1,31
2,349,1757714324275,1757714325063,0,-1,31
2,350,1757714324442,1757714325212,0,-1,31
2,351,1757714324609,1757714325463,0,-1,31
2,352,1757714324775,1757714325572,0,-1,31
2,352,1757714324775,1757714325572,0,-1,31
2,353,1757714324942,1757714325572,0,-1,31
2,354,1757714325109,1757714325921,0,-1,31
2,355,1757714325275,1757714326069,0,-1,31
2,356,1757714325442,1757714326227,0,-1,31
2,357,1757714325609,1757714326478,0,-1,31
2,358,1757714325775,1757714326626,0,-1,31
2,359,1757714325942,1757714326726,0,-1,31
2,361,1757714326275,1757714327098,0,-1,31
2,362,1757714326442,1757714327246,0,-1,31
2,363,1757714326609,1757714327394,0,-1,31
2,364,1757714326775,1757714327643,0,-1,31
2,365,1757714326942,1757714327791,0,-1,31
2,366,1757714327109,1757714327966,0,-1,31
2,367,1757714327275,1757714328167,0,-1,31
2,368,1757714327442,1757714328267,0,-1,31
2,369,1757714327609,1757714328416,0,-1,31
2,370,1757714327775,1757714328676,0,-1,31
2,371,1757714327942,1757714328776,0,-1,31
2,371,1757714327942,1757714328776,0,-1,31
2,372,1757714328109,1757714328972,0,-1,31
2,374,1757714328442,1757714329269,0,-1,31
2,374,1757714328442,1757714329269,0,-1,31
2,375,1757714328609,1757714329478,0,-1,31
2,376,1757714328775,1757714329679,0,-1,31
2,378,1757714329109,1757714329989,0,-1,31
2,379,1757714329275,1757714330147,0,-1,31
2,380,1757714329442,1757714330295,0,-1,31
2,381,1757714329609,1757714330444,0,-1,31
2,382,1757714329775,1757714330696,0,-1,31
2,383,1757714329942,1757714330795,0,-1,31
2,383,1757714329942,1757714330795,0,-1,31
2,385,1757714330275,1757714330953,0,-1,31
2,385,1757714330275,1757714330953,0,-1,31
2,386,1757714330442,1757714330953,0,-1,31
2,387,1757714330609,1757714331515,0,-1,31
2,388,1757714330775,1757714331673,0,-1,31
2,389,1757714330942,1757714331875,0,-1,31
2,391,1757714331275,1757714332023,0,-1,31
2,392,1757714331442,1757714332023,0,-1,31
2,393,1757714331609,1757714332539,0,-1,31
2,393,1757714331609,1757714332539,0,-1,31
2,394,1757714331775,1757714332688,0,-1,31
2,395,1757714331942,1757714332838,0,-1,31
2,396,1757714332109,1757714333038,0,-1,31
2,397,1757714332275,1757714333038,0,-1,31
2,398,1757714332442,1757714333038,0,-1,31
2,399,1757714332609,1757714333559,0,-1,31
2,400,1757714332775,1757714333659,0,-1,31
2,401,1757714332942,1757714333808,0,-1,31
2,402,1757714333109,1757714334068,0,-1,31
2,403,1757714333275,1757714334068,0,-1,31
2,404,1757714333442,1757714334068,0,-1,31
2,406,1757714333775,1757714334668,0,-1,31
2,407,1757714333942,1757714334826,0,-1,31
2,409,1757714334275,1757714335078,0,-1,31
2,410,1757714334442,1757714335078,0,-1,31
2,411,1757714334609,1757714335543,0,-1,31
2,412,1757714334775,1757714335741,0,-1,31
2,413,1757714334942,1757714335890,0,-1,31
2,414,1757714335109,1757714336040,0,-1,31
2,415,1757714335275,1757714336140,0,-1,31
2,416,1757714335442,1757714336140,0,-1,31
2,417,1757714335609,1757714336563,0,-1,31
2,418,1757714335775,1757714336711,0,-1,31
2,419,1757714335942,1757714336912,0,-1,31
2,420,1757714336109,1757714337070,0,-1,31
2,421,1757714336275,1757714337170,0,-1,31
2,422,1757714336442,1757714337170,0,-1,31
2,423,1757714336609,1757714337570,0,-1,31
2,423,1757714336609,1757714337570,0,-1,31
2,424,1757714336775,1757714337765,0,-1,31
2,425,1757714336942,1757714337922,0,-1,31
2,426,1757714337109,1757714338070,0,-1,31
2,427,1757714337275,1757714338219,0,-1,31
2,429,1757714337609,1757714338594,0,-1,31
2,430,1757714337775,1757714338791,0,-1,31
2,431,1757714337942,1757714338890,0,-1,31
2,432,1757714338109,1757714339039,0,-1,31
2,433,1757714338275,1757714339290,0,-1,31
2,434,1757714338442,1757714339290,0,-1,31
2,435,1757714338609,1757714339610,0,-1,31
2,436,1757714338775,1757714339758,0,-1,31
2,437,1757714338942,1757714339955,0,-1,31
2,438,1757714339109,1757714340104,0,-1,31
2,439,1757714339275,1757714340263,0,-1,31
2,440,1757714339442,1757714340363,0,-1,31
2,441,1757714339609,1757714340617,0,-1,31
2,442,1757714339775,1757714340815,0,-1,31
2,443,1757714339942,1757714340924,0,-1,31
2,444,1757714340109,1757714341072,0,-1,31
2,445,1757714340275,1757714341325,0,-1,31
2,446,1757714340442,1757714341424,0,-1,31
2,447,1757714340609,1757714341636,0,-1,31
2,448,1757714340775,1757714341793,0,-1,31
2,448,1757714340775,1757714341793,0,-1,31
2,450,1757714341109,1757714342143,0,-1,31
2,451,1757714341275,1757714342292,0,-1,31
2,452,1757714341442,1757714342503,0,-1,31
2,453,1757714341609,1757714342654,0,-1,31
2,454,1757714341775,1757714342803,0,-1,31
2,455,1757714341942,1757714343003,0,-1,31
2,456,1757714342109,1757714343102,0,-1,31
2,457,1757714342275,1757714343260,0,-1,31
2,458,1757714342442,1757714343510,0,-1,31
2,459,1757714342609,1757714343669,0,-1,31
2,460,1757714342775,1757714343817,0,-1,31
2,461,1757714342942,1757714343976,0,-1,31
2,462,1757714343109,1757714344176,0,-1,31
2,463,1757714343275,1757714344326,0,-1,31
2,464,1757714343442,1757714344475,0,-1,31
2,465,1757714343609,1757714344688,0,-1,31
2,466,1757714343775,1757714344846,0,-1,31
2,467,1757714343942,1757714344995,0,-1,31
2,468,1757714344109,1757714345143,0,-1,31
2,469,1757714344275,1757714345291,0,-1,31
2,470,1757714344442,1757714345439,0,-1,31
2,471,1757714344609,1757714345651,0,-1,31
2,472,1757714344775,1757714345857,0,-1,31
2,473,1757714344942,1757714346006,0,-1,31
2,474,1757714345109,1757714346207,0,-1,31
2,475,1757714345275,1757714346315,0,-1,31
2,476,1757714345442,1757714346464,0,-1,31
2,477,1757714345609,1757714346668,0,-1,31
2,478,1757714345775,1757714346869,0,-1,31
2,479,1757714345942,1757714347019,0,-1,31
2,480,1757714346109,1757714347227,0,-1,31
2,481,1757714346275,1757714347325,0,-1,31
2,482,1757714346442,1757714347474,0,-1,31
2,483,1757714346609,1757714347685,0,-1,31
2,484,1757714346775,1757714347894,0,-1,31
2,485,1757714346942,1757714348043,0,-1,31
2,486,1757714347109,1757714348241,0,-1,31
2,487,1757714347275,1757714348339,0,-1,31
2,488,1757714347442,1757714348488,0,-1,31
2,489,1757714347609,1757714348702,0,-1,31
2,490,1757714347775,1757714348901,0,-1,31
2,491,1757714347942,1757714349050,0,-1,31
2,492,1757714348109,1757714349248,0,-1,31
2,493,1757714348275,1757714349356,0,-1,31
2,494,1757714348442,1757714349556,0,-1,31
2,495,1757714348609,1757714349719,0,-1,31
2,496,1757714348775,1757714349818,0,-1,31
2,497,1757714348942,1757714350067,0,-1,31
2,498,1757714349109,1757714350226,0,-1,31
2,499,1757714349275,1757714350427,0,-1,31
2,500,1757714349442,1757714350527,0,-1,31
2,501,1757714349609,1757714350735,0,-1,31
2,502,1757714349775,1757714350844,0,-1,31
2,503,1757714349942,1757714351093,0,-1,31
2,504,1757714350109,1757714351242,0,-1,31
2,505,1757714350275,1757714351392,0,-1,31
2,506,1757714350442,1757714351592,0,-1,31
2,507,1757714350609,1757714351751,0,-1,31
2,508,1757714350775,1757714351801,0,-1,31
2,509,1757714350942,1757714351801,0,-1,31
2,510,1757714351109,1757714352262,0,-1,31
2,511,1757714351275,1757714352412,0,-1,31
2,512,1757714351442,1757714352622,0,-1,31
2,513,1757714351609,1757714352771,0,-1,31
2,514,1757714351775,1757714352771,0,-1,31
2,515,1757714351942,1757714352771,0,-1,31
2,516,1757714352109,1757714353277,0,-1,31
2,517,1757714352275,1757714353437,0,-1,31
2,518,1757714352442,1757714353586,0,-1,31
2,519,1757714352609,1757714353786,0,-1,31
2,520,1757714352775,1757714353886,0,-1,31
2,521,1757714352942,1757714353886,0,-1,31
2,522,1757714353109,1757714354295,0,-1,31
2,523,1757714353275,1757714354404,0,-1,31
2,524,1757714353442,1757714354552,0,-1,31
2,525,1757714353609,1757714354811,0,-1,31
2,526,1757714353775,1757714354858,0,-1,31
2,528,1757714354109,1757714355311,0,-1,31
2,529,1757714354275,1757714355409,0,-1,31
2,530,1757714354442,1757714355567,0,-1,31
2,531,1757714354609,1757714355816,0,-1,31
2,532,1757714354775,1757714355965,0,-1,31
2,533,1757714354942,1757714355965,0,-1,31
2,533,1757714354942,1757714355965,0,-1,31
2,535,1757714355275,1757714356438,0,-1,31
2,536,1757714355442,1757714356587,0,-1,31
2,537,1757714355609,1757714356837,0,-1,31
2,538,1757714355775,1757714356986,0,-1,31
2,539,1757714355942,1757714356986,0,-1,31
2,540,1757714356109,1757714357347,0,-1,31
2,541,1757714356275,1757714357446,0,-1,31
2,542,1757714356442,1757714357595,0,-1,31
2,543,1757714356609,1757714357847,0,-1,31
2,544,1757714356775,1757714357955,0,-1,31
2,545,1757714356942,1757714358104,0,-1,31
2,546,1757714357109,1757714358104,0,-1,31
2,547,1757714357275,1757714358462,0,-1,31
2,548,1757714357442,1757714358619,0,-1,31
2,549,1757714357609,1757714358768,0,-1,31
2,550,1757714357775,1757714359018,0,-1,31
2,551,1757714357942,1757714359018,0,-1,31
2,552,1757714358109,1757714359018,0,-1,31
2,553,1757714358275,1757714359488,0,-1,31
2,554,1757714358442,1757714359689,0,-1,31
2,555,1757714358609,1757714359838,0,-1,31
2,556,1757714358775,1757714360040,0,-1,31
2,557,1757714358942,1757714360147,0,-1,31
2,558,1757714359109,1757714360147,0,-1,31
2,559,1757714359275,1757714360497,0,-1,31
2,559,1757714359275,1757714360497,0,-1,31
2,560,1757714359442,1757714360697,0,-1,31
2,561,1757714359609,1757714360847,0,-1,31
2,562,1757714359775,1757714361057,0,-1,31
2,563,1757714359942,1757714361157,0,-1,31
2,564,1757714360109,1757714361157,0,-1,31
2,565,1757714360275,1757714361512,0,-1,31
2,566,1757714360442,1757714361720,0,-1,31
2,567,1757714360609,1757714361870,0,-1,31
2,568,1757714360775,1757714362020,0,-1,31
2,569,1757714360942,1757714362219,0,-1,31
2,570,1757714361109,1757714362219,0,-1,31
2,570,1757714361109,1757714362219,0,-1,31
2,572,1757714361442,1757714362685,0,-1,31
2,573,1757714361609,1757714362833,0,-1,31
2,574,1757714361775,1757714362981,0,-1,31
2,575,1757714361942,1757714363132,0,-1,31
2,576,1757714362109,1757714363132,0,-1,31
2,577,1757714362275,1757714363545,0,-1,31
2,578,1757714362442,1757714363693,0,-1,31
2,579,1757714362609,1757714363841,0,-1,31
2,580,1757714362775,1757714363997,0,-1,31
2,581,1757714362942,1757714364146,0,-1,31
2,582,1757714363109,1757714364146,0,-1,31
2,583,1757714363275,1757714364562,0,-1,31
2,584,1757714363442,1757714364764,0,-1,31
2,585,1757714363609,1757714364873,0,-1,31
2,585,1757714363609,1757714364873,0,-1,31
2,587,1757714363942,1757714365169,0,-1,31
2,588,1757714364109,1757714365169,0,-1,31
2,589,1757714364275,1757714365586,0,-1,31
2,590,1757714364442,1757714365734,0,-1,31
2,591,1757714364609,1757714365882,0,-1,31
2,592,1757714364775,1757714366032,0,-1,31
2,593,1757714364942,1757714366283,0,-1,31
2,594,1757714365109,1757714366283,0,-1,31
2,595,1757714365275,1757714366603,0,-1,31
2,596,1757714365442,1757714366752,0,-1,31
2,598,1757714365775,1757714367110,0,-1,31
2,599,1757714365942,1757714367260,0,-1,31
2,600,1757714366109,1757714367360,0,-1,31
2,601,1757714366275,1757714367611,0,-1,31
2,602,1757714366442,1757714367760,0,-1,31
2,603,1757714366609,1757714367970,0,-1,31
2,604,1757714366775,1757714368119,0,-1,31
2,605,1757714366942,1757714368269,0,-1,31
2,606,1757714367109,1757714368369,0,-1,31
2,607,1757714367275,1757714368638,0,-1,31
2,608,1757714367442,1757714368786,0,-1,31
2,609,1757714367609,1757714368934,0,-1,31
2,610,1757714367775,1757714369134,0,-1,31
2,611,1757714367942,1757714369284,0,-1,31
2,611,1757714367942,1757714369284,0,-1,31
2,612,1757714368109,1757714369284,0,-1,31
2,613,1757714368275,1757714369644,0,-1,31
2,615,1757714368609,1757714369943,0,-1,31
2,616,1757714368775,1757714370153,0,-1,31
2,616,1757714368775,1757714370153,0,-1,31
2,617,1757714368942,1757714370304,0,-1,31
2,618,1757714369109,1757714370453,0,-1,31
2,620,1757714369442,1757714370765,0,-1,31
2,621,1757714369609,1757714370924,0,-1,31
2,622,1757714369775,1757714371175,0,-1,31
2,623,1757714369942,1757714371274,0,-1,31
2,624,1757714370109,1757714371422,0,-1,31
2,625,1757714370275,1757714371681,0,-1,31
2,626,1757714370442,1757714371790,0,-1,31
2,627,1757714370609,1757714371939,0,-1,31
2,628,1757714370775,1757714372190,0,-1,31
2,629,1757714370942,1757714372290,0,-1,31
2,630,1757714371109,1757714372448,0,-1,31
2,631,1757714371275,1757714372696,0,-1,31
2,632,1757714371442,1757714372844,0,-1,31
2,633,1757714371609,1757714372993,0,-1,31
2,634,1757714371775,1757714373142,0,-1,31
2,634,1757714371775,1757714373142,0,-1,31
2,635,1757714371942,1757714373351,0,-1,31
2,636,1757714372109,1757714373501,0,-1,31
2,637,1757714372275,1757714373664,0,-1,31
2,638,1757714372442,1757714373860,0,-1,31
2,639,1757714372609,1757714374017,0,-1,31
2,640,1757714372775,1757714374166,0,-1,31
2,641,1757714372942,1757714374366,0,-1,31
2,642,1757714373109,1757714374516,0,-1,31
2,643,1757714373275,1757714374681,0,-1,31
2,644,1757714373442,1757714374888,0,-1,31
2,645,1757714373609,1757714374987,0,-1,31
2,646,1757714373775,1757714375136,0,-1,31
2,647,1757714373942,1757714375388,0,-1,31
2,648,1757714374109,1757714375496,0,-1,31
2,649,1757714374275,1757714375645,0,-1,31
2,650,1757714374442,1757714375645,0,-1,31
2,651,1757714374609,1757714375645,0,-1,31
2,652,1757714374775,1757714376206,0,-1,31
2,654,1757714375109,1757714376511,0,-1,31
2,655,1757714375275,1757714376660,0,-1,31
2,656,1757714375442,1757714376660,0,-1,31
2,657,1757714375609,1757714376660,0,-1,31
2,658,1757714375775,1757714377232,0,-1,31
2,659,1757714375942,1757714377381,0,-1,31
2,660,1757714376109,1757714377581,0,-1,31
2,661,1757714376275,1757714377681,0,-1,31
2,662,1757714376442,1757714377681,0,-1,31
2,663,1757714376609,1757714377681,0,-1,31
2,664,1757714376775,1757714378247,0,-1,31
2,665,1757714376942,1757714378396,0,-1,31
2,666,1757714377109,1757714378594,0,-1,31
2,667,1757714377275,1757714378702,0,-1,31
2,668,1757714377442,1757714378702,0,-1,31
2,669,1757714377609,1757714378702,0,-1,31
2,670,1757714377775,1757714379256,0,-1,31
2,671,1757714377942,1757714379414,0,-1,31
2,672,1757714378109,1757714379612,0,-1,31
2,673,1757714378275,1757714379711,0,-1,31
2,674,1757714378442,1757714379711,0,-1,31
2,675,1757714378609,1757714379711,0,-1,31
2,676,1757714378775,1757714380285,0,-1,31
2,677,1757714378942,1757714380432,0,-1,31
2,678,1757714379109,1757714380581,0,-1,31
2,679,1757714379275,1757714380730,0,-1,31
2,680,1757714379442,1757714380730,0,-1,31
2,681,1757714379609,1757714380730,0,-1,31
2,682,1757714379775,1757714381240,0,-1,31
2,683,1757714379942,1757714381449,0,-1,31
2,684,1757714380109,1757714381597,0,-1,31
2,685,1757714380275,1757714381756,0,-1,31
2,686,1757714380442,1757714381756,0,-1,31
2,686,1757714380442,1757714381756,0,-1,31
2,688,1757714380775,1757714382256,0,-1,31
2,688,1757714380775,1757714382256,0,-1,31
2,690,1757714381109,1757714382616,0,-1,31
2,690,1757714381109,1757714382616,0,-1,31
2,692,1757714381442,1757714382766,0,-1,31
2,693,1757714381609,1757714382766,0,-1,31
2,694,1757714381775,1757714383274,0,-1,31
2,695,1757714381942,1757714383483,0,-1,31
2,696,1757714382109,1757714383632,0,-1,31
2,697,1757714382275,1757714383781,0,-1,31
2,698,1757714382442,1757714383980,0,-1,31
2,698,1757714382442,1757714383980,0,-1,31
2,699,1757714382609,1757714384137,0,-1,31
2,700,1757714382775,1757714384336,0,-1,31
2,701,1757714382942,1757714384435,0,-1,31
2,703,1757714383275,1757714384845,0,-1,31
2,703,1757714383275,1757714384845,0,-1,31
2,704,1757714383442,1757714384845,0,-1,31
2,705,1757714383609,1757714384845,0,-1,31
2,706,1757714383775,1757714385307,0,-1,31
2,707,1757714383942,1757714385507,0,-1,31
2,708,1757714384109,1757714385662,0,-1,31
2,709,1757714384275,1757714385812,0,-1,31
2,710,1757714384442,1757714385912,0,-1,31
2,711,1757714384609,1757714385912,0,-1,31
2,713,1757714384942,1757714386432,0,-1,31
2,714,1757714385109,1757714386681,0,-1,31
2,715,1757714385275,1757714386829,0,-1,31
2,716,1757714385442,1757714386829,0,-1,31
2,717,1757714385609,1757714386829,0,-1,31
2,718,1757714385775,1757714387341,0,-1,31
2,719,1757714385942,1757714387450,0,-1,31
2,720,1757714386109,1757714387701,0,-1,31
2,721,1757714386275,1757714387858,0,-1,31
2,722,1757714386442,1757714387858,0,-1,31
2,723,1757714386609,1757714387858,0,-1,31
2,724,1757714386775,1757714388359,0,-1,31
2,725,1757714386942,1757714388459,0,-1,31
2,726,1757714387109,1757714388718,0,-1,31
2,727,1757714387275,1757714388867,0,-1,31
2,728,1757714387442,1757714388867,0,-1,31
2,729,1757714387609,1757714388867,0,-1,31
2,730,1757714387775,1757714389374,0,-1,31
2,731,1757714387942,1757714389482,0,-1,31
2,732,1757714388109,1757714389631,0,-1,31
2,733,1757714388275,1757714389881,0,-1,31
2,734,1757714388442,1757714389981,0,-1,31
2,734,1757714388442,1757714389981,0,-1,31
2,735,1757714388609,1757714389981,0,-1,31
2,736,1757714388775,1757714390394,0,-1,31
2,738,1757714389109,1757714390651,0,-1,31
2,739,1757714389275,1757714390903,0,-1,31
2,740,1757714389442,1757714391011,0,-1,31
2,741,1757714389609,1757714391011,0,-1,31
2,742,1757714389775,1757714391408,0,-1,31
2,743,1757714389942,1757714391506,0,-1,31
2,744,1757714390109,1757714391663,0,-1,31
2,745,1757714390275,1757714391912,0,-1,31
2,746,1757714390442,1757714391960,0,-1,31
2,747,1757714390609,1757714391960,0,-1,31
2,748,1757714390775,1757714392427,0,-1,31
2,749,1757714390942,1757714392536,0,-1,31
2,750,1757714391109,1757714392686,0,-1,31
2,751,1757714391275,1757714392886,0,-1,31
2,752,1757714391442,1757714393036,0,-1,31
2,753,1757714391609,1757714393036,0,-1,31
2,754,1757714391775,1757714393036,0,-1,31
2,755,1757714391942,1757714393550,0,-1,31
2,756,1757714392109,1757714393698,0,-1,31
2,757,1757714392275,1757714393847,0,-1,31
2,758,1757714392442,1757714394105,0,-1,31
2,759,1757714392609,1757714394105,0,-1,31
2,760,1757714392775,1757714394105,0,-1,31
2,761,1757714392942,1757714394557,0,-1,31
2,762,1757714393109,1757714394706,0,-1,31
2,763,1757714393275,1757714394863,0,-1,31
2,764,1757714393442,1757714395114,0,-1,31
2,765,1757714393609,1757714395214,0,-1,31
2,766,1757714393775,1757714395214,0,-1,31
2,767,1757714393942,1757714395586,0,-1,31
2,768,1757714394109,1757714395735,0,-1,31
2,768,1757714394109,1757714395735,0,-1,31
2,770,1757714394442,1757714396136,0,-1,31
2,770,1757714394442,1757714396136,0,-1,31
2,772,1757714394775,1757714396285,0,-1,31
2,773,1757714394942,1757714396600,0,-1,31
2,774,1757714395109,1757714396801,0,-1,31
2,775,1757714395275,1757714396950,0,-1,31
2,776,1757714395442,1757714397109,0,-1,31
2,777,1757714395609,1757714397309,0,-1,31
2,778,1757714395775,1757714397309,0,-1,31
2,779,1757714395942,1757714397606,0,-1,31
2,780,1757714396109,1757714397754,0,-1,31
2,781,1757714396275,1757714397913,0,-1,31
2,782,1757714396442,1757714398164,0,-1,31
2,783,1757714396609,1757714398263,0,-1,31
2,784,1757714396775,1757714398263,0,-1,31
2,785,1757714396942,1757714398632,0,-1,31
2,786,1757714397109,1757714398780,0,-1,31
2,787,1757714397275,1757714398929,0,-1,31
2,788,1757714397442,1757714399078,0,-1,31
2,789,1757714397609,1757714399328,0,-1,31
2,790,1757714397775,1757714399437,0,-1,31
2,791,1757714397942,1757714399641,0,-1,31
2,792,1757714398109,1757714399789,0,-1,31
2,793,1757714398275,1757714399938,0,-1,31
2,794,1757714398442,1757714400096,0,-1,31
2,794,1757714398442,1757714400096,0,-1,31
2,795,1757714398609,1757714400345,0,-1,31
2,796,1757714398775,1757714400393,0,-1,31
2,797,1757714398942,1757714400658,0,-1,31
2,798,1757714399109,1757714400807,0,-1,31
2,799,1757714399275,1757714401016,0,-1,31
2,800,1757714399442,1757714401166,0,-1,31
2,801,1757714399609,1757714401368,0,-1,31
2,802,1757714399775,1757714401467,0,-1,31
2,804,1757714400109,1757714401831,0,-1,31
2,805,1757714400275,1757714401980,0,-1,31
2,806,1757714400442,1757714402181,0,-1,31
2,806,1757714400442,1757714402181,0,-1,31
2,807,1757714400609,1757714402330,0,-1,31
2,808,1757714400775,1757714402539,0,-1,31
2,809,1757714400942,1757714402586,0,-1,31
2,811,1757714401275,1757714402586,0,-1,31
2,812,1757714401442,1757714403201,0,-1,31
2,813,1757714401609,1757714403360,0,-1,31
2,814,1757714401775,1757714403561,0,-1,31
2,815,1757714401942,1757714403610,0,-1,31
2,816,1757714402109,1757714403610,0,-1,31
2,817,1757714402275,1757714403610,0,-1,31
2,818,1757714402442,1757714404224,0,-1,31
2,819,1757714402609,1757714404374,0,-1,31
2,820,1757714402775,1757714404524,0,-1,31
2,821,1757714402942,1757714404624,0,-1,31
2,822,1757714403109,1757714404624,0,-1,31
2,823,1757714403275,1757714404624,0,-1,31
2,824,1757714403442,1757714405247,0,-1,31
2,825,1757714403609,1757714405346,0,-1,31
2,826,1757714403775,1757714405504,0,-1,31
2,827,1757714403942,1757714405654,0,-1,31
2,828,1757714404109,1757714405654,0,-1,31
2,829,1757714404275,1757714405654,0,-1,31
2,830,1757714404442,1757714406251,0,-1,31
2,831,1757714404609,1757714406408,0,-1,31
2,832,1757714404775,1757714406556,0,-1,31
2,833,1757714404942,1757714406704,0,-1,31
2,834,1757714405109,1757714406704,0,-1,31
2,835,1757714405275,1757714406704,0,-1,31
2,836,1757714405442,1757714407275,0,-1,31
2,837,1757714405609,1757714407423,0,-1,31
2,838,1757714405775,1757714407572,0,-1,31
2,839,1757714405942,1757714407720,0,-1,31
2,840,1757714406109,1757714407720,0,-1,31
2,841,1757714406275,1757714407720,0,-1,31
2,842,1757714406442,1757714408247,0,-1,31
2,843,1757714406609,1757714408442,0,-1,31
2,844,1757714406775,1757714408590,0,-1,31
2,845,1757714406942,1757714408747,0,-1,31
2,846,1757714407109,1757714408747,0,-1,31
2,847,1757714407275,1757714408747,0,-1,31
2,848,1757714407442,1757714409252,0,-1,31
2,849,1757714407609,1757714409455,0,-1,31
2,850,1757714407775,1757714409604,0,-1,31
2,851,1757714407942,1757714409754,0,-1,31
2,852,1757714408109,1757714409754,0,-1,31
2,853,1757714408275,1757714409754,0,-1,31
2,854,1757714408442,1757714410277,0,-1,31
2,855,1757714408609,1757714410475,0,-1,31
2,856,1757714408775,1757714410574,0,-1,31
2,857,1757714408942,1757714410723,0,-1,31
2,858,1757714409109,1757714410880,0,-1,31
2,859,1757714409275,1757714410880,0,-1,31
2,860,1757714409442,1757714411285,0,-1,31
2,861,1757714409609,1757714411484,0,-1,31
2,862,1757714409775,1757714411583,0,-1,31
2,863,1757714409942,1757714411741,0,-1,31
2,864,1757714410109,1757714411891,0,-1,31
2,865,1757714410275,1757714411891,0,-1,31
2,866,1757714410442,1757714412303,0,-1,31
2,867,1757714410609,1757714412508,0,-1,31
2,868,1757714410775,1757714412656,0,-1,31
2,868,1757714410775,1757714412656,0,-1,31
2,869,1757714410942,1757714412805,0,-1,31
2,871,1757714411275,1757714412805,0,-1,31
2,872,1757714411442,1757714413329,0,-1,31
2,873,1757714411609,1757714413477,0,-1,31
2,874,1757714411775,1757714413677,0,-1,31
2,875,1757714411942,1757714413776,0,-1,31
2,876,1757714412109,1757714413925,0,-1,31
2,877,1757714412275,1757714413925,0,-1,31
2,878,1757714412442,1757714414347,0,-1,31
2,880,1757714412775,1757714414693,0,-1,31
2,880,1757714412775,1757714414693,0,-1,31
2,881,1757714412942,1757714414801,0,-1,31
2,882,1757714413109,1757714414951,0,-1,31
2,884,1757714413442,1757714415353,0,-1,31
2,884,1757714413442,1757714415353,0,-1,31
2,885,1757714413609,1757714415502,0,-1,31
2,886,1757714413775,1757714415660,0,-1,31
2,887,1757714413942,1757714415860,0,-1,31
2,888,1757714414109,1757714416010,0,-1,31
2,889,1757714414275,1757714416010,0,-1,31
2,890,1757714414442,1757714416382,0,-1,31
2,892,1757714414775,1757714416681,0,-1,31
2,892,1757714414775,1757714416681,0,-1,31
2,893,1757714414942,1757714416883,0,-1,31
2,894,1757714415109,1757714416982,0,-1,31
2,895,1757714415275,1757714416982,0,-1,31
2,896,1757714415442,1757714417336,0,-1,31
2,897,1757714415609,1757714417543,0,-1,31
2,898,1757714415775,1757714417691,0,-1,31
2,900,1757714416109,1757714418000,0,-1,31
2,900,1757714416109,1757714418000,0,-1,31
2,901,1757714416275,1757714418000,0,-1,31
2,902,1757714416442,1757714418353,0,-1,31
2,903,1757714416609,1757714418552,0,-1,31
2,904,1757714416775,1757714418709,0,-1,31
2,906,1757714417109,1757714419008,0,-1,31
2,906,1757714417109,1757714419008,0,-1,31
2,907,1757714417275,1757714419008,0,-1,31
2,908,1757714417442,1757714419369,0,-1,31
2,909,1757714417609,1757714419577,0,-1,31
2,910,1757714417775,1757714419725,0,-1,31
2,911,1757714417942,1757714419923,0,-1,31
2,912,1757714418109,1757714420022,0,-1,31
2,913,1757714418275,1757714420022,0,-1,31
2,914,1757714418442,1757714420386,0,-1,31
2,915,1757714418609,1757714420595,0,-1,31
2,915,1757714418609,1757714420595,0,-1,31
2,917,1757714418942,1757714420892,0,-1,31
2,918,1757714419109,1757714421102,0,-1,31
2,919,1757714419275,1757714421152,0,-1,31
2,920,1757714419442,1757714421403,0,-1,31
2,921,1757714419609,1757714421603,0,-1,31
2,922,1757714419775,1757714421759,0,-1,31
2,923,1757714419942,1757714421909,0,-1,31
2,924,1757714420109,1757714422111,0,-1,31
2,925,1757714420275,1757714422210,0,-1,31
2,926,1757714420442,1757714422420,0,-1,31
2,927,1757714420609,1757714422528,0,-1,31
2,928,1757714420775,1757714422776,0,-1,31
2,930,1757714421109,1757714423124,0,-1,31
2,930,1757714421109,1757714423124,0,-1,31
2,931,1757714421275,1757714423232,0,-1,31
2,932,1757714421442,1757714423437,0,-1,31
2,933,1757714421609,1757714423535,0,-1,31
2,934,1757714421775,1757714423784,0,-1,31
2,935,1757714421942,1757714423932,0,-1,31
2,936,1757714422109,1757714424091,0,-1,31
2,937,1757714422275,1757714424291,0,-1,31
2,938,1757714422442,1757714424454,0,-1,31
2,939,1757714422609,1757714424553,0,-1,31
2,940,1757714422775,1757714424813,0,-1,31
2,941,1757714422942,1757714424961,0,-1,31
2,942,1757714423109,1757714425110,0,-1,31
2,943,1757714423275,1757714425258,0,-1,31
2,944,1757714423442,1757714425471,0,-1,31
2,945,1757714423609,1757714425577,0,-1,31
2,946,1757714423775,1757714425727,0,-1,31
2,947,1757714423942,1757714425976,0,-1,31
2,948,1757714424109,1757714426127,0,-1,31
2,949,1757714424275,1757714426277,0,-1,31
2,950,1757714424442,1757714426489,0,-1,31
2,951,1757714424609,1757714426599,0,-1,31
2,952,1757714424775,1757714426748,0,-1,31
2,953,1757714424942,1757714427000,0,-1,31
2,954,1757714425109,1757714427108,0,-1,31
2,955,1757714425275,1757714427257,0,-1,31
2,956,1757714425442,1757714427504,0,-1,31
2,957,1757714425609,1757714427604,0,-1,31
2,958,1757714425775,1757714427752,0,-1,31
2,959,1757714425942,1757714428009,0,-1,31
2,960,1757714426109,1757714428158,0,-1,31
2,961,1757714426275,1757714428357,0,-1,31
2,962,1757714426442,1757714428522,0,-1,31
2,963,1757714426609,1757714428682,0,-1,31
2,964,1757714426775,1757714428832,0,-1,31
2,965,1757714426942,1757714428982,0,-1,31
2,966,1757714427109,1757714429180,0,-1,31
2,967,1757714427275,1757714429329,0,-1,31
2,968,1757714427442,1757714429539,0,-1,31
2,969,1757714427609,1757714429637,0,-1,31
2,970,1757714427775,1757714429786,0,-1,31
2,971,1757714427942,1757714430037,0,-1,31
2,972,1757714428109,1757714430193,0,-1,31
2,973,1757714428275,1757714430343,0,-1,31
2,974,1757714428442,1757714430545,0,-1,31
2,975,1757714428609,1757714430545,0,-1,31
2,976,1757714428775,1757714430545,0,-1,31
2,977,1757714428942,1757714430545,0,-1,31
2,978,1757714429109,1757714431170,0,-1,31
2,979,1757714429275,1757714431320,0,-1,31
2,980,1757714429442,1757714431520,0,-1,31
2,981,1757714429609,1757714431570,0,-1,31
2,982,1757714429775,1757714431570,0,-1,31
2,983,1757714429942,1757714431570,0,-1,31
2,984,1757714430109,1757714432188,0,-1,31
2,985,1757714430275,1757714432336,0,-1,31
2,986,1757714430442,1757714432494,0,-1,31
2,987,1757714430609,1757714432690,0,-1,31
2,988,1757714430775,1757714432839,0,-1,31
2,989,1757714430942,1757714433039,0,-1,31
2,990,1757714431109,1757714433236,0,-1,31
2,991,1757714431275,1757714433393,0,-1,31
2,992,1757714431442,1757714433541,0,-1,31
2,993,1757714431609,1757714433704,0,-1,31
2,994,1757714431775,1757714433853,0,-1,31
2,995,1757714431942,1757714434063,0,-1,31
2,996,1757714432109,1757714434213,0,-1,31
2,997,1757714432275,1757714434413,0,-1,31
2,998,1757714432442,1757714434564,0,-1,31
2,998,1757714432442,1757714434564,0,-1,31
2,1000,1757714432775,1757714434713,0,-1,31
2,1001,1757714432942,1757714434713,0,-1,31
2,1002,1757714433109,1757714435239,0,-1,31
2,1003,1757714433275,1757714435441,0,-1,31
2,1003,1757714433275,1757714435441,0,-1,31
2,1005,1757714433609,1757714435698,0,-1,31
2,1005,1757714433609,1757714435698,0,-1,31
2,1006,1757714433775,1757714435698,0,-1,31
2,1008,1757714434109,1757714436246,0,-1,31
2,1009,1757714434275,1757714436404,0,-1,31
2,1010,1757714434442,1757714436554,0,-1,31
2,1011,1757714434609,1757714436703,0,-1,31
2,1012,1757714434775,1757714436853,0,-1,31
2,1013,1757714434942,1757714436853,0,-1,31
2,1014,1757714435109,1757714437272,0,-1,31
2,1015,1757714435275,1757714437420,0,-1,31
2,1016,1757714435442,1757714437568,0,-1,31
2,1017,1757714435609,1757714437717,0,-1,31
2,1018,1757714435775,1757714437874,0,-1,31
2,1019,1757714435942,1757714437874,0,-1,31
2,1020,1757714436109,1757714438279,0,-1,31
2,1021,1757714436275,1757714438428,0,-1,31
2,1022,1757714436442,1757714438628,0,-1,31
2,1023,1757714436609,1757714438788,0,-1,31
2,1024,1757714436775,1757714438788,0,-1,31
2,1025,1757714436942,1757714438788,0,-1,31
2,1026,1757714437109,1757714439299,0,-1,31
2,1027,1757714437275,1757714439407,0,-1,31
2,1028,1757714437442,1757714439657,0,-1,31
2,1029,1757714437609,1757714439806,0,-1,31
2,1030,1757714437775,1757714439853,0,-1,31
2,1031,1757714437942,1757714439853,0,-1,31
2,1032,1757714438109,1757714440320,0,-1,31
2,1033,1757714438275,1757714440468,0,-1,31
2,1034,1757714438442,1757714440617,0,-1,31
2,1035,1757714438609,1757714440818,0,-1,31
2,1036,1757714438775,1757714440975,0,-1,31
2,1037,1757714438942,1757714440975,0,-1,31
2,1038,1757714439109,1757714441331,0,-1,31
2,1039,1757714439275,1757714441482,0,-1,31
2,1039,1757714439275,1757714441482,0,-1,31
2,1041,1757714439609,1757714441839,0,-1,31
2,1042,1757714439775,1757714441987,0,-1,31
2,1043,1757714439942,1757714441987,0,-1,31
2,1044,1757714440109,1757714442346,0,-1,31
2,1045,1757714440275,1757714442503,0,-1,31
2,1046,1757714440442,1757714442651,0,-1,31
2,1047,1757714440609,1757714442800,0,-1,31
2,1048,1757714440775,1757714442949,0,-1,31
2,1049,1757714440942,1757714442949,0,-1,31
2,1050,1757714441109,1757714443375,0,-1,31
2,1051,1757714441275,1757714443473,0,-1,31
2,1052,1757714441442,1757714443622,0,-1,31
2,1053,1757714441609,1757714443872,0,-1,31
2,1054,1757714441775,1757714444021,0,-1,31
2,1055,1757714441942,1757714444021,0,-1,31
2,1057,1757714442275,1757714444482,0,-1,31
2,1057,1757714442275,1757714444482,0,-1,31
2,1058,1757714442442,1757714444631,0,-1,31
2,1059,1757714442609,1757714444892,0,-1,31
2,1060,1757714442775,1757714445040,0,-1,31
2,1060,1757714442775,1757714445040,0,-1,31
2,1061,1757714442942,1757714445040,0,-1,31
2,1063,1757714443275,1757714445496,0,-1,31
2,1064,1757714443442,1757714445654,0,-1,31
2,1065,1757714443609,1757714445905,0,-1,31
2,1066,1757714443775,1757714446004,0,-1,31
2,1067,1757714443942,1757714446154,0,-1,31
2,1068,1757714444109,1757714446376,0,-1,31
