record_version,record_number,record_timestamp,sample_index,ax,ay,az,gx,gy,gz,aux_flags
2,0,1757714085060,0,971,-131,197,-280,490,-140,7
2,0,1757714085060,1,971,-131,197,-210,490,-140,7
2,0,1757714085060,2,971,-131,197,-210,490,-210,7
2,0,1757714085060,3,971,-131,197,-280,490,-140,7
2,0,1757714085060,4,971,-131,197,-280,490,-140,7
2,0,1757714085060,5,971,-131,197,-280,490,-70,7
2,0,1757714085060,6,971,-131,197,-210,560,-210,7
2,0,1757714085060,7,971,-131,197,-280,490,-140,7
2,0,1757714085060,8,971,-131,197,-280,490,-140,7
2,0,1757714085060,9,971,-131,197,-210,490,-210,7
2,2,1757714085393,0,971,-131,197,-280,420,-70,31
2,2,1757714085393,1,971,-131,197,-280,420,-70,31
2,2,1757714085393,2,971,-131,197,-280,420,-70,31
2,2,1757714085393,3,971,-131,197,-280,420,-70,31
2,2,1757714085393,4,971,-131,197,-280,420,-70,31
2,2,1757714085393,5,971,-131,197,-280,420,-70,31
2,2,1757714085393,6,971,-131,197,-210,560,-210,31
2,2,1757714085393,7,971,-131,197,-210,490,-210,31
2,2,1757714085393,8,971,-131,197,-280,490,-70,31
2,2,1757714085393,9,971,-131,197,-210,560,-280,31
2,2,1757714085393,0,971,-131,197,-280,420,-70,31
2,2,1757714085393,1,971,-131,197,-280,420,-70,31
2,2,1757714085393,2,971,-131,197,-280,420,-70,31
2,2,1757714085393,3,971,-131,197,-280,420,-70,31
2,2,1757714085393,4,971,-131,197,-280,420,-70,31
2,2,1757714085393,5,971,-131,197,-280,420,-70,31
2,2,1757714085393,6,971,-131,197,-210,560,-210,31
2,2,1757714085393,7,971,-131,197,-210,490,-210,31
2,2,1757714085393,8,971,-131,197,-280,490,-70,31
2,2,1757714085393,9,971,-131,197,-210,560,-280,31
2,3,1757714085560,0,971,-131,197,-280,420,-70,31
2,3,1757714085560,1,971,-131,197,-280,490,-140,31
2,3,1757714085560,2,971,-131,197,-210,560,-210,31
2,3,1757714085560,3,971,-131,197,-280,490,-140,31
2,3,1757714085560,4,971,-131,197,-280,490,-140,31
2,3,1757714085560,5,971,-131,197,-280,490,-140,31
2,3,1757714085560,6,971,-131,197,-280,490,-140,31
2,3,1757714085560,7,971,-131,197,-280,490,-140,31
2,3,1757714085560,8,971,-131,197,-210,560,-210,31
2,3,1757714085560,9,971,-131,197,-280,420,-140,31
2,4,1757714085726,0,971,-131,197,-280,560,-210,31
2,4,1757714085726,1,971,-131,197,-210,490,-210,31
2,4,1757714085726,2,971,-131,197,-280,420,-70,31
2,4,1757714085726,3,971,-131,197,-210,560,-280,31
2,4,1757714085726,4,971,-131,197,-280,350,-70,31
2,4,1757714085726,5,971,-131,197,-210,630,-280,31
2,4,1757714085726,6,971,-131,197,-280,420,-70,31
2,4,1757714085726,7,971,-131,197,-210,560,-210,31
2,4,1757714085726,8,971,-131,197,-210,490,-210,31
2,4,1757714085726,9,971,-131,197,-350,420,-70,31
2,5,1757714085893,0,971,-131,197,-280,420,-70,31
2,5,1757714085893,1,971,-131,197,-210,560,-210,31
2,5,1757714085893,2,971,-131,197,-210,490,-140,31
2,5,1757714085893,3,971,-131,197,-280,420,-140,31
2,5,1757714085893,4,971,-131,197,-140,630,-280,31
2,5,1757714085893,5,971,-131,197,-140,630,-280,31
2,5,1757714085893,6,971,-131,197,-210,490,-210,31
2,5,1757714085893,7,971,-131,197,-210,490,-210,31
2,5,1757714085893,8,971,-131,197,-280,490,-140,31
2,5,1757714085893,9,971,-131,197,-280,490,-140,31
2,6,1757714086060,0,971,-131,197,-280,560,-140,31
2,6,1757714086060,1,971,-131,197,-280,560,-140,31
2,6,1757714086060,2,971,-131,197,-210,560,-210,31
2,6,1757714086060,3,971,-131,197,-280,420,-140,31
2,6,1757714086060,4,971,-131,197,-210,630,-210,31
2,6,1757714086060,5,971,-131,197,-350,350,-70,31
2,6,1757714086060,6,971,-131,197,-210,630,-280,31
2,6,1757714086060,7,971,-131,197,-350,350,0,31
2,6,1757714086060,8,971,-131,197,-210,560,-210,31
2,6,1757714086060,9,971,-131,197,-280,490,-210,31
2,7,1757714086226,0,971,-131,197,-280,420,-70,31
2,7,1757714086226,1,971,-131,197,-210,630,-280,31
2,7,1757714086226,2,971,-131,197,-350,350,0,31
2,7,1757714086226,3,971,-131,197,-210,560,-280,31
2,7,1757714086226,4,971,-131,197,-210,420,-140,31
2,7,1757714086226,5,971,-131,197,-280,490,-140,31
2,7,1757714086226,6,971,-131,197,-210,560,-280,31
2,7,1757714086226,7,971,-131,197,-280,490,-70,31
2,7,1757714086226,8,971,-131,197,-210,560,-210,31
2,7,1757714086226,9,971,-131,197,-210,490,-140,31
2,8,1757714086393,0,971,-131,197,-280,490,-140,31
2,8,1757714086393,1,971,-131,197,-210,560,-210,31
2,8,1757714086393,2,971,-131,197,-280,420,-70,31
2,8,1757714086393,3,971,-131,197,-210,560,-210,31
2,8,1757714086393,4,971,-131,197,-280,490,-140,31
2,8,1757714086393,5,971,-131,197,-210,490,-140,31
2,8,1757714086393,6,971,-131,197,-210,560,-210,31
2,8,1757714086393,7,971,-131,197,-280,420,-70,31
2,8,1757714086393,8,971,-131,197,-210,560,-210,31
2,8,1757714086393,9,971,-131,197,-280,420,-140,31
2,9,1757714086560,0,971,-131,197,-210,560,-140,31
2,9,1757714086560,1,971,-131,197,-280,490,-210,31
2,9,1757714086560,2,971,-131,197,-280,490,-140,31
2,9,1757714086560,3,971,-131,197,-210,490,-210,31
2,9,1757714086560,4,971,-132,197,-210,490,-140,31
2,9,1757714086560,5,971,-131,197,-280,490,-210,31
2,9,1757714086560,6,971,-131,197,-280,490,-70,31
2,9,1757714086560,7,971,-131,197,-280,490,-70,31
2,9,1757714086560,8,971,-131,197,-280,490,-140,31
2,9,1757714086560,9,971,-131,197,-280,490,-140,31
2,10,1757714086726,0,971,-131,197,-280,490,-210,31
2,10,1757714086726,1,971,-131,197,-280,490,-210,31
2,10,1757714086726,2,971,-131,197,-210,630,-350,31
2,10,1757714086726,3,971,-131,197,-210,630,-350,31
2,10,1757714086726,4,971,-131,197,-350,420,0,31
2,10,1757714086726,5,971,-131,197,-210,630,-350,31
2,10,1757714086726,6,971,-131,197,-280,490,-70,31
2,10,1757714086726,7,971,-131,197,-210,560,-210,31
2,10,1757714086726,8,971,-131,197,-280,420,-70,31
2,10,1757714086726,9,971,-131,197,-210,630,-280,31
2,11,1757714086893,0,971,-131,197,-280,420,-140,31
2,11,1757714086893,1,971,-131,197,-210,490,-140,31
2,11,1757714086893,2,971,-131,197,-280,560,-140,31
2,11,1757714086893,3,971,-131,197,-210,490,-140,31
2,11,1757714086893,4,971,-131,197,-210,560,-210,31
2,11,1757714086893,5,971,-131,197,-280,420,-70,31
2,11,1757714086893,6,971,-131,197,-210,630,-280,31
2,11,1757714086893,7,971,-131,197,-280,350,-70,31
2,11,1757714086893,8,971,-131,197,-210,630,-280,31
2,11,1757714086893,9,971,-131,197,-280,350,-70,31
2,12,1757714087060,0,971,-131,197,-210,560,-210,31
2,12,1757714087060,1,971,-131,197,-210,560,-210,31
2,12,1757714087060,2,971,-131,197,-350,350,0,31
2,12,1757714087060,3,971,-131,197,-350,350,0,31
2,12,1757714087060,4,971,-131,197,-140,700,70,31
2,12,1757714087060,5,971,-131,197,-140,700,70,31
2,12,1757714087060,6,971,-131,197,-210,630,-350,31
2,12,1757714087060,7,971,-131,197,-210,630,-350,31
2,12,1757714087060,8,971,-131,197,-350,420,-70,31
2,12,1757714087060,9,971,-131,197,-140,630,-280,31
2,13,1757714087226,0,971,-131,197,-280,420,0,31
2,13,1757714087226,1,971,-131,197,-210,560,-280,31
2,13,1757714087226,2,971,-131,197,-280,490,-140,31
2,13,1757714087226,3,971,-131,197,-280,490,-210,31
2,13,1757714087226,4,971,-131,197,-210,560,-210,31
2,13,1757714087226,5,971,-131,197,-350,420,-70,31
2,13,1757714087226,6,971,-131,197,-210,560,-210,31
2,13,1757714087226,7,971,-131,197,-280,420,-140,31
2,13,1757714087226,8,971,-131,197,-210,560,-210,31
2,13,1757714087226,9,971,-131,197,-280,490,-210,31
2,14,1757714087393,0,971,-131,197,-280,490,-140,31
2,14,1757714087393,1,971,-131,197,-280,560,-210,31
2,14,1757714087393,2,971,-131,197,-280,420,-140,31
2,14,1757714087393,3,971,-131,197,-210,560,-140,31
2,14,1757714087393,4,971,-131,197,-280,490,-210,31
2,14,1757714087393,5,971,-131,197,-280,560,-140,31
2,14,1757714087393,6,971,-131,197,-210,490,-210,31
2,14,1757714087393,7,971,-131,197,-280,490,-140,31
2,14,1757714087393,8,971,-131,197,-210,490,-210,31
2,14,1757714087393,9,971,-131,197,-280,490,-140,31
2,15,1757714087560,0,971,-131,197,-350,490,-140,31
2,15,1757714087560,1,971,-131,197,-210,560,-210,31
2,15,1757714087560,2,971,-131,197,-280,490,-140,31
2,15,1757714087560,3,971,-131,197,-210,560,-210,31
2,15,1757714087560,4,971,-131,197,-280,560,-140,31
2,15,1757714087560,5,971,-131,197,-210,560,-140,31
2,15,1757714087560,6,971,-131,197,-280,420,-70,31
2,15,1757714087560,7,971,-131,197,-210,560,-280,31
2,15,1757714087560,8,971,-131,197,-280,490,-140,31
2,15,1757714087560,9,971,-131,197,-280,490,-140,31
2,16,1757714087726,0,971,-131,197,-210,560,-280,31
2,16,1757714087726,1,971,-131,197,-280,420,-70,31
2,16,1757714087726,2,971,-131,197,-210,560,-210,31
2,16,1757714087726,3,971,-131,197,-210,560,-210,31
2,16,1757714087726,4,971,-131,197,-280,420,-70,31
2,16,1757714087726,5,971,-131,197,-280,420,-70,31
2,16,1757714087726,6,971,-131,197,-280,420,0,31
2,16,1757714087726,7,971,-131,197,-280,420,0,31
2,16,1757714087726,8,971,-131,197,-280,420,-140,31
2,16,1757714087726,9,971,-131,197,-210,560,-140,31
2,17,1757714087893,0,971,-131,197,-280,490,-210,31
2,17,1757714087893,1,971,-131,197,-280,490,-140,31
2,17,1757714087893,2,971,-131,197,-280,560,-210,31
2,17,1757714087893,3,971,-131,197,-280,490,-140,31
2,17,1757714087893,4,971,-131,197,-210,490,-210,31
2,17,1757714087893,5,971,-131,197,-280,490,-140,31
2,17,1757714087893,6,971,-131,197,-210,560,-210,31
2,17,1757714087893,7,971,-131,197,-280,490,-140,31
2,17,1757714087893,8,971,-131,197,-280,560,-210,31
2,17,1757714087893,9,971,-131,197,-280,490,-140,31
2,18,1757714088060,0,971,-131,197,-280,490,-140,31
2,18,1757714088060,1,971,-131,197,-210,490,-210,31
2,18,1757714088060,2,971,-131,197,-280,490,-70,31
2,18,1757714088060,3,971,-131,197,-210,560,-210,31
2,18,1757714088060,4,971,-131,197,-280,420,-70,31
2,18,1757714088060,5,971,-131,197,-210,560,-280,31
2,18,1757714088060,6,971,-131,197,-280,420,-70,31
2,18,1757714088060,7,971,-131,197,-280,420,-70,31
2,18,1757714088060,8,971,-131,197,-280,490,-140,31
2,18,1757714088060,9,971,-131,197,-280,490,-140,31
2,19,1757714088226,0,971,-131,197,-210,560,-210,31
2,19,1757714088226,1,971,-131,197,-350,420,-70,31
2,19,1757714088226,2,971,-131,197,-140,630,-280,31
2,19,1757714088226,3,971,-131,197,-350,420,-70,31
2,19,1757714088226,4,971,-132,197,-210,560,-210,31
2,19,1757714088226,5,971,-132,197,-280,560,-140,31
2,19,1757714088226,6,971,-131,197,-280,420,-70,31
2,19,1757714088226,7,971,-131,197,-210,630,-210,31
2,19,1757714088226,8,971,-131,197,-280,420,-70,31
2,19,1757714088226,9,971,-131,197,-210,560,-210,31
2,20,1757714088393,0,971,-131,197,-280,490,-140,31
2,20,1757714088393,1,971,-131,197,-210,490,-140,31
2,20,1757714088393,2,971,-131,197,-280,490,-210,31
2,20,1757714088393,3,971,-131,197,-280,490,-140,31
2,20,1757714088393,4,971,-131,197,-280,490,-210,31
2,20,1757714088393,5,971,-131,197,-280,490,-140,31
2,20,1757714088393,6,971,-131,197,-280,490,-210,31
2,20,1757714088393,7,971,-131,197,-280,490,-140,31
2,20,1757714088393,8,971,-131,197,-280,490,-140,31
2,20,1757714088393,9,971,-131,197,-280,420,-140,31
2,22,1757714088726,0,971,-131,197,-280,420,-140,31
2,22,1757714088726,1,971,-131,197,-210,560,-210,31
2,22,1757714088726,2,971,-131,197,-280,490,-140,31
2,22,1757714088726,3,971,-131,197,-210,490,-140,31
2,22,1757714088726,4,971,-131,197,-210,560,-210,31
2,22,1757714088726,5,971,-131,197,-210,420,-140,31
2,22,1757714088726,6,971,-131,197,-210,560,-140,31
2,22,1757714088726,7,971,-131,197,-210,560,-210,31
2,22,1757714088726,8,971,-131,197,-280,490,-70,31
2,22,1757714088726,9,971,-131,197,-140,630,-350,31
2,22,1757714088726,0,971,-131,197,-280,420,-140,31
2,22,1757714088726,1,971,-131,197,-210,560,-210,31
2,22,1757714088726,2,971,-131,197,-280,490,-140,31
2,22,1757714088726,3,971,-131,197,-210,490,-140,31
2,22,1757714088726,4,971,-131,197,-210,560,-210,31
2,22,1757714088726,5,971,-131,197,-210,420,-140,31
2,22,1757714088726,6,971,-131,197,-210,560,-140,31
2,22,1757714088726,7,971,-131,197,-210,560,-210,31
2,22,1757714088726,8,971,-131,197,-280,490,-70,31
2,22,1757714088726,9,971,-131,197,-140,630,-350,31
2,23,1757714088893,0,971,-131,197,-280,420,0,31
2,23,1757714088893,1,971,-131,197,-210,560,-280,31
2,23,1757714088893,2,971,-131,197,-210,490,-140,31
2,23,1757714088893,3,971,-131,197,-210,560,-280,31
2,23,1757714088893,4,971,-131,197,-210,560,-280,31
2,23,1757714088893,5,971,-131,197,-280,420,-70,31
2,23,1757714088893,6,971,-131,197,-210,560,-210,31
2,23,1757714088893,7,971,-131,197,-280,490,-140,31
2,23,1757714088893,8,971,-131,197,-280,490,-210,31
2,23,1757714088893,9,971,-131,197,-280,490,-140,31
2,24,1757714089060,0,971,-131,197,-280,490,-210,31
2,24,1757714089060,1,971,-131,197,-280,490,-210,31
2,24,1757714089060,2,971,-131,197,-280,420,-140,31
2,24,1757714089060,3,971,-131,197,-210,560,-140,31
2,24,1757714089060,4,971,-131,197,-280,490,-140,31
2,24,1757714089060,5,971,-131,197,-210,560,-210,31
2,24,1757714089060,6,971,-131,197,-280,420,-70,31
2,24,1757714089060,7,971,-131,197,-210,560,-210,31
2,24,1757714089060,8,971,-131,197,-280,490,-140,31
2,24,1757714089060,9,971,-131,197,-280,420,-140,31
2,25,1757714089226,0,971,-131,197,-210,630,-280,31
2,25,1757714089226,1,971,-131,197,-280,350,-70,31
2,25,1757714089226,2,971,-131,197,-210,630,-280,31
2,25,1757714089226,3,971,-131,197,-280,420,-140,31
2,25,1757714089226,4,971,-131,197,-210,490,-140,31
2,25,1757714089226,5,971,-131,197,-210,490,-210,31
2,25,1757714089226,6,971,-131,197,-280,490,-70,31
2,25,1757714089226,7,971,-131,197,-210,630,-280,31
2,25,1757714089226,8,971,-131,197,-280,420,0,31
2,25,1757714089226,9,971,-131,197,-210,630,-350,31
2,26,1757714089393,0,971,-131,197,-280,420,-70,31
2,26,1757714089393,1,971,-131,197,-210,490,-140,31
2,26,1757714089393,2,971,-131,197,-210,490,-210,31
2,26,1757714089393,3,971,-131,197,-280,490,-70,31
2,26,1757714089393,4,971,-131,197,-210,560,-210,31
2,26,1757714089393,5,971,-131,197,-280,420,-70,31
2,26,1757714089393,6,971,-131,197,-210,560,-280,31
2,26,1757714089393,7,971,-131,197,-280,490,-70,31
2,26,1757714089393,8,971,-131,197,-210,560,-210,31
2,26,1757714089393,9,971,-131,197,-280,490,-140,31
2,27,1757714089560,0,971,-131,197,-280,490,-140,31
2,27,1757714089560,1,971,-131,197,-210,560,-210,31
2,27,1757714089560,2,971,-131,197,-210,560,-210,31
2,27,1757714089560,3,971,-131,197,-210,560,-210,31
2,27,1757714089560,4,971,-131,197,-210,560,-210,31
2,27,1757714089560,5,971,-131,197,-210,560,-210,31
2,27,1757714089560,6,971,-131,197,-210,560,-210,31
2,27,1757714089560,7,971,-131,197,-280,490,-140,31
2,27,1757714089560,8,971,-131,197,-280,490,-140,31
2,27,1757714089560,9,971,-132,197,-210,560,-210,31
2,28,1757714089726,0,971,-131,197,-210,560,-210,31
2,28,1757714089726,1,971,-131,197,-210,560,-210,31
2,28,1757714089726,2,971,-131,197,-280,490,-140,31
2,28,1757714089726,3,971,-131,197,-280,490,-140,31
2,28,1757714089726,4,971,-131,197,-210,560,-210,31
2,28,1757714089726,5,971,-131,197,-280,490,-140,31
2,28,1757714089726,6,971,-131,197,-280,490,-210,31
2,28,1757714089726,7,971,-131,197,-210,490,-210,31
2,28,1757714089726,8,971,-131,197,-210,490,-210,31
2,28,1757714089726,9,971,-131,197,-280,490,-140,31
2,29,1757714089893,0,971,-131,197,-210,560,-210,31
2,29,1757714089893,1,971,-131,197,-280,490,-140,31
2,29,1757714089893,2,971,-131,197,-210,490,-210,31
2,29,1757714089893,3,971,-131,197,-280,490,-140,31
2,29,1757714089893,4,971,-131,197,-210,490,-210,31
2,29,1757714089893,5,971,-131,197,-280,490,-140,31
2,29,1757714089893,6,971,-131,197,-210,490,-140,31
2,29,1757714089893,7,971,-131,197,-210,490,-140,31
2,29,1757714089893,8,971,-131,197,-280,420,-70,31
2,29,1757714089893,9,971,-131,197,-280,420,-70,31
2,30,1757714090060,0,971,-131,197,-280,490,-140,31
2,30,1757714090060,1,971,-131,197,-280,490,-140,31
2,30,1757714090060,2,971,-131,197,-280,490,-280,31
2,30,1757714090060,3,971,-131,197,-280,490,-280,31
2,30,1757714090060,4,971,-131,197,-280,350,-70,31
2,30,1757714090060,5,971,-131,197,-210,630,-210,31
2,30,1757714090060,6,971,-132,197,-280,490,-140,31
2,30,1757714090060,7,971,-131,197,-280,490,-140,31
2,30,1757714090060,8,971,-131,197,-140,560,-280,31
2,30,1757714090060,9,971,-131,197,-350,420,0,31
2,31,1757714090226,0,971,-131,197,-140,630,-350,31
2,31,1757714090226,1,971,-131,197,-350,350,0,31
2,31,1757714090226,2,971,-132,197,-210,630,-350,31
2,31,1757714090226,3,971,-132,197,-280,490,-70,31
2,31,1757714090226,4,971,-131,197,-280,490,-140,31
2,31,1757714090226,5,971,-131,197,-210,560,-280,31
2,31,1757714090226,6,971,-131,197,-350,420,0,31
2,31,1757714090226,7,971,-131,197,-140,630,-280,31
2,31,1757714090226,8,971,-132,197,-350,420,-70,31
2,31,1757714090226,9,971,-132,197,-210,560,-280,31
2,32,1757714090393,0,971,-132,197,-210,490,-210,31
2,32,1757714090393,1,971,-132,197,-210,490,-210,31
2,32,1757714090393,2,971,-132,197,-280,420,-70,31
2,32,1757714090393,3,971,-131,197,-280,420,-70,31
2,32,1757714090393,4,971,-132,197,-350,350,0,31
2,32,1757714090393,5,971,-132,197,-350,350,0,31
2,32,1757714090393,6,971,-132,197,-210,630,-280,31
2,32,1757714090393,7,971,-132,197,-280,420,-140,31
2,32,1757714090393,8,971,-132,197,-210,560,-140,31
2,32,1757714090393,9,971,-131,197,-280,560,-210,31
2,33,1757714090560,0,971,-131,197,-280,420,-70,31
2,33,1757714090560,1,971,-132,197,-210,630,-280,31
2,33,1757714090560,2,971,-132,197,-280,350,0,31
2,33,1757714090560,3,971,-132,196,-210,630,-280,31
2,33,1757714090560,4,971,-132,196,-280,420,-140,31
2,33,1757714090560,5,971,-132,197,-210,490,-140,31
2,33,1757714090560,6,971,-132,196,-210,490,-280,31
2,33,1757714090560,7,971,-132,196,-280,420,0,31
2,33,1757714090560,8,971,-132,196,-210,630,-350,31
2,33,1757714090560,9,971,-132,196,-280,350,0,31
2,34,1757714090726,0,971,-132,196,-210,560,-280,31
2,34,1757714090726,1,971,-132,196,-210,490,-210,31
2,34,1757714090726,2,971,-132,196,-350,420,-70,31
2,34,1757714090726,3,971,-132,196,-140,630,-280,31
2,34,1757714090726,4,971,-132,196,-350,420,-70,31
2,34,1757714090726,5,971,-132,196,-210,560,-210,31
2,34,1757714090726,6,971,-132,196,-280,490,-140,31
2,34,1757714090726,7,971,-132,196,-210,490,-140,31
2,34,1757714090726,8,971,-132,196,-210,560,-140,31
2,34,1757714090726,9,971,-132,196,-280,490,-140,31
2,35,1757714090893,0,971,-132,196,-280,490,-140,31
2,35,1757714090893,1,971,-132,196,-210,490,-210,31
2,35,1757714090893,2,971,-132,196,-280,490,-140,31
2,35,1757714090893,3,971,-132,196,-210,490,-210,31
2,35,1757714090893,4,971,-132,196,-280,420,-140,31
2,35,1757714090893,5,971,-132,196,-210,560,-210,31
2,35,1757714090893,6,971,-132,196,-210,490,-70,31
2,35,1757714090893,7,971,-132,196,-210,560,-210,31
2,35,1757714090893,8,971,-132,196,-280,490,-140,31
2,35,1757714090893,9,971,-132,196,-280,490,-140,31
2,36,1757714091060,0,971,-132,196,-210,560,-210,31
2,36,1757714091060,1,971,-132,196,-210,560,-210,31
2,36,1757714091060,2,971,-132,196,-140,630,-350,31
2,36,1757714091060,3,971,-132,196,-140,630,-350,31
2,36,1757714091060,4,971,-132,196,-280,420,0,31
2,36,1757714091060,5,971,-132,196,-210,560,-280,31
2,36,1757714091060,6,971,-132,196,-280,490,-140,31
2,36,1757714091060,7,971,-132,196,-280,420,-70,31
2,36,1757714091060,8,971,-132,196,-350,350,-70,31
2,36,1757714091060,9,971,-132,196,-350,350,-70,31
2,37,1757714091226,0,971,-132,196,-210,560,-280,31
2,37,1757714091226,1,971,-132,196,-350,420,-70,31
2,37,1757714091226,2,971,-132,196,-210,560,-210,31
2,37,1757714091226,3,971,-132,196,-280,420,-70,31
2,37,1757714091226,4,971,-132,196,-210,560,-210,31
2,37,1757714091226,5,971,-132,196,-280,420,-70,31
2,37,1757714091226,6,971,-132,196,-210,560,-210,31
2,37,1757714091226,7,971,-132,196,-210,490,-140,31
2,37,1757714091226,8,971,-132,196,-210,560,-140,31
2,37,1757714091226,9,971,-132,196,-210,490,-210,31
2,38,1757714091393,0,971,-132,196,-280,490,-140,31
2,38,1757714091393,1,971,-132,196,-210,490,-210,31
2,38,1757714091393,2,971,-132,196,-210,490,-210,31
2,38,1757714091393,3,971,-132,196,-210,560,-280,31
2,38,1757714091393,4,971,-132,196,-210,560,-280,31
2,38,1757714091393,5,971,-132,196,-210,560,-210,31
2,38,1757714091393,6,971,-132,196,-210,560,-210,31
2,38,1757714091393,7,971,-132,196,-280,490,-210,31
2,38,1757714091393,8,971,-132,196,-280,490,-210,31
2,38,1757714091393,9,971,-132,196,-210,490,-210,31
2,39,1757714091560,0,971,-132,196,-280,490,-140,31
2,39,1757714091560,1,971,-132,196,-210,490,-210,31
2,39,1757714091560,2,971,-132,196,-280,420,-70,31
2,39,1757714091560,3,971,-132,196,-210,560,-280,31
2,39,1757714091560,4,971,-132,196,-280,490,-70,31
2,39,1757714091560,5,971,-132,196,-210,490,-210,31
2,39,1757714091560,6,971,-132,196,-210,490,-140,31
2,39,1757714091560,7,971,-132,196,-280,490,-140,31
2,39,1757714091560,8,971,-132,196,-210,560,-210,31
2,39,1757714091560,9,971,-132,196,-280,490,-140,31
2,40,1757714091726,0,971,-132,196,-210,490,-210,31
2,40,1757714091726,1,971,-132,196,-280,490,-140,31
2,40,1757714091726,2,971,-132,197,-280,490,-140,31
2,40,1757714091726,3,971,-132,196,-210,560,-140,31
2,40,1757714091726,4,971,-132,196,-280,490,-210,31
2,40,1757714091726,5,971,-132,196,-210,560,-140,31
2,40,1757714091726,6,971,-132,197,-280,490,-140,31
2,40,1757714091726,7,971,-132,197,-210,560,-210,31
2,40,1757714091726,8,971,-132,197,-280,490,-140,31
2,40,1757714091726,9,971,-132,197,-210,560,-210,31
2,41,1757714091893,0,971,-131,197,-280,490,-140,31
2,41,1757714091893,1,971,-132,197,-210,560,-210,31
2,41,1757714091893,2,971,-132,196,-280,490,-140,31
2,41,1757714091893,3,971,-132,196,-210,560,-210,31
2,41,1757714091893,4,971,-132,196,-280,420,-70,31
2,41,1757714091893,5,971,-132,196,-210,560,-280,31
2,41,1757714091893,6,971,-132,196,-280,490,-140,31
2,41,1757714091893,7,971,-131,196,-280,420,-140,31
2,41,1757714091893,8,971,-132,196,-210,560,-210,31
2,41,1757714091893,9,971,-132,196,-280,420,-70,31
2,42,1757714092060,0,971,-132,196,-210,560,-210,31
2,42,1757714092060,1,971,-132,196,-280,490,-140,31
2,42,1757714092060,2,971,-132,196,-280,490,-140,31
2,42,1757714092060,3,971,-132,196,-280,560,-210,31
2,42,1757714092060,4,971,-132,196,-280,490,-140,31
2,42,1757714092060,5,971,-132,196,-280,560,-140,31
2,42,1757714092060,6,971,-132,196,-210,560,-210,31
2,42,1757714092060,7,971,-132,196,-280,490,-140,31
2,42,1757714092060,8,971,-132,196,-280,490,-140,31
2,42,1757714092060,9,971,-132,196,-210,560,-210,31
2,43,1757714092226,0,971,-132,196,-280,420,-70,31
2,43,1757714092226,1,971,-132,196,-210,630,-210,31
2,43,1757714092226,2,971,-132,196,-280,490,-140,31
2,43,1757714092226,3,971,-132,196,-280,490,-70,31
2,43,1757714092226,4,971,-132,196,-210,630,-280,31
2,43,1757714092226,5,971,-132,196,-350,350,0,31
2,43,1757714092226,6,971,-132,196,-210,630,-350,31
2,43,1757714092226,7,971,-132,196,-280,420,-70,31
2,43,1757714092226,8,971,-132,196,-280,560,-210,31
2,43,1757714092226,9,971,-132,196,-210,560,-210,31
2,44,1757714092393,0,971,-132,196,-280,420,-70,31
2,44,1757714092393,1,971,-132,196,-140,630,-350,31
2,44,1757714092393,2,971,-132,196,-350,350,0,31
2,44,1757714092393,3,971,-132,196,-210,560,-280,31
2,44,1757714092393,4,971,-132,196,-280,420,-70,31
2,44,1757714092393,5,971,-132,196,-280,420,-70,31
2,44,1757714092393,6,971,-132,196,-280,490,-140,31
2,44,1757714092393,7,971,-132,196,-280,490,-140,31
2,44,1757714092393,8,971,-132,196,-210,560,-210,31
2,44,1757714092393,9,971,-132,196,-210,560,-210,31
2,45,1757714092560,0,971,-132,196,-210,560,-210,31
2,45,1757714092560,1,971,-132,196,-210,560,-210,31
2,45,1757714092560,2,971,-132,196,-280,490,-140,31
2,45,1757714092560,3,971,-131,196,-280,490,-140,31
2,45,1757714092560,4,971,-132,196,-280,490,-210,31
2,45,1757714092560,5,971,-132,196,-210,490,-140,31
2,45,1757714092560,6,971,-132,196,-280,560,-210,31
2,45,1757714092560,7,971,-132,196,-280,490,-210,31
2,45,1757714092560,8,971,-132,197,-280,490,-140,31
2,45,1757714092560,9,971,-131,197,-280,420,-140,31
2,46,1757714092726,0,971,-131,197,-210,560,-210,31
2,46,1757714092726,1,971,-132,197,-280,420,-70,31
2,46,1757714092726,2,971,-132,197,-210,560,-210,31
2,46,1757714092726,3,971,-132,197,-280,420,-70,31
2,46,1757714092726,4,971,-132,197,-210,560,-210,31
2,46,1757714092726,5,971,-132,197,-210,560,-210,31
2,46,1757714092726,6,971,-132,197,-280,420,-70,31
2,46,1757714092726,7,971,-131,197,-210,560,-210,31
2,46,1757714092726,8,971,-131,197,-280,420,-70,31
2,46,1757714092726,9,971,-132,197,-210,490,-210,31
2,47,1757714092893,0,971,-132,197,-210,490,-210,31
2,47,1757714092893,1,971,-132,197,-210,490,-210,31
2,47,1757714092893,2,971,-132,197,-210,490,-210,31
2,47,1757714092893,3,971,-132,197,-280,560,-140,31
2,47,1757714092893,4,971,-131,197,-280,490,-210,31
2,47,1757714092893,5,971,-131,197,-210,490,-140,31
2,47,1757714092893,6,971,-131,197,-210,490,-210,31
2,47,1757714092893,7,971,-131,197,-280,420,-70,31
2,47,1757714092893,8,971,-132,197,-210,560,-210,31
2,47,1757714092893,9,971,-132,197,-280,490,-140,31
2,48,1757714093060,0,971,-132,197,-280,560,-210,31
2,48,1757714093060,1,971,-132,197,-280,490,-140,31
2,48,1757714093060,2,971,-132,197,-280,560,-140,31
2,48,1757714093060,3,971,-132,197,-210,490,-210,31
2,48,1757714093060,4,971,-131,197,-280,490,-140,31
2,48,1757714093060,5,971,-132,197,-210,490,-210,31
2,48,1757714093060,6,971,-132,197,-280,420,-70,31
2,48,1757714093060,7,971,-132,197,-210,560,-280,31
2,48,1757714093060,8,971,-132,197,-280,490,-70,31
2,48,1757714093060,9,971,-132,197,-210,630,-280,31
2,49,1757714093226,0,971,-132,197,-280,490,-70,31
2,49,1757714093226,1,971,-132,197,-210,490,-210,31
2,49,1757714093226,2,971,-132,197,-210,420,-140,31
2,49,1757714093226,3,971,-132,197,-210,490,-140,31
2,49,1757714093226,4,971,-132,197,-210,560,-210,31
2,49,1757714093226,5,971,-132,197,-280,490,-140,31
2,49,1757714093226,6,971,-132,197,-210,490,-210,31
2,49,1757714093226,7,971,-132,197,-280,490,-140,31
2,49,1757714093226,8,971,-132,197,-210,490,-210,31
2,49,1757714093226,9,971,-132,197,-210,490,-140,31
2,50,1757714093393,0,971,-132,197,-280,490,-140,31
2,50,1757714093393,1,971,-132,197,-280,490,-140,31
2,50,1757714093393,2,971,-132,197,-210,420,-140,31
2,50,1757714093393,3,971,-132,197,-210,560,-210,31
2,50,1757714093393,4,971,-132,197,-280,420,-140,31
2,50,1757714093393,5,971,-132,197,-210,560,-210,31
2,50,1757714093393,6,971,-131,197,-280,420,-140,31
2,50,1757714093393,7,971,-131,197,-210,490,-140,31
2,50,1757714093393,8,971,-131,197,-210,490,-140,31
2,50,1757714093393,9,971,-131,197,-280,420,-140,31
2,51,1757714093560,0,971,-131,197,-280,420,-140,31
2,51,1757714093560,1,971,-132,197,-280,420,-70,31
2,51,1757714093560,2,971,-132,197,-280,420,-70,31
2,51,1757714093560,3,971,-132,197,-280,420,-70,31
2,51,1757714093560,4,971,-132,197,-280,420,-70,31
2,51,1757714093560,5,971,-131,197,-210,560,-210,31
2,51,1757714093560,6,971,-131,197,-280,420,-140,31
2,51,1757714093560,7,971,-131,197,-210,490,-70,31
2,51,1757714093560,8,971,-131,197,-210,560,-280,31
2,51,1757714093560,9,971,-131,197,-280,420,-70,31
2,52,1757714093726,0,971,-131,197,-210,560,-280,31
2,52,1757714093726,1,971,-132,197,-280,420,-140,31
2,52,1757714093726,2,971,-131,197,-280,490,-210,31
2,52,1757714093726,3,971,-131,197,-210,490,-210,31
2,52,1757714093726,4,971,-131,197,-280,490,-140,31
2,52,1757714093726,5,971,-131,197,-210,490,-210,31
2,52,1757714093726,6,971,-131,197,-210,490,-140,31
2,52,1757714093726,7,971,-132,197,-280,490,-210,31
2,52,1757714093726,8,971,-132,197,-210,490,-140,31
2,52,1757714093726,9,971,-132,197,-280,420,-70,31
2,53,1757714093893,0,971,-132,197,-280,420,-70,31
2,53,1757714093893,1,971,-131,197,-280,420,-70,31
2,53,1757714093893,2,971,-131,197,-280,420,-70,31
2,53,1757714093893,3,971,-131,197,-280,560,-210,31
2,53,1757714093893,4,971,-131,197,-280,560,-210,31
2,53,1757714093893,5,971,-132,197,-350,420,-70,31
2,53,1757714093893,6,971,-132,197,-140,560,-280,31
2,53,1757714093893,7,971,-132,197,-280,420,-70,31
2,53,1757714093893,8,971,-132,197,-210,560,-210,31
2,53,1757714093893,9,971,-132,197,-210,490,-210,31
2,54,1757714094060,0,971,-131,197,-280,420,-140,31
2,54,1757714094060,1,971,-132,197,-210,560,-210,31
2,54,1757714094060,2,971,-132,197,-280,490,-140,31
2,54,1757714094060,3,971,-132,197,-210,490,-140,31
2,54,1757714094060,4,971,-132,197,-210,490,-210,31
2,54,1757714094060,5,971,-132,197,-210,560,-210,31
2,54,1757714094060,6,971,-132,197,-280,420,-140,31
2,54,1757714094060,7,971,-132,197,-210,560,-210,31
2,54,1757714094060,8,971,-132,197,-280,420,-70,31
2,54,1757714094060,9,971,-132,197,-210,560,-210,31
2,55,1757714094226,0,971,-132,197,-280,490,-210,31
2,55,1757714094226,1,971,-132,197,-280,420,-140,31
2,55,1757714094226,2,971,-132,197,-210,630,-210,31
2,55,1757714094226,3,971,-132,197,-280,490,-140,31
2,55,1757714094226,4,971,-132,197,-210,560,-140,31
2,55,1757714094226,5,971,-132,197,-280,490,-210,31
2,55,1757714094226,6,971,-132,197,-280,490,-70,31
2,55,1757714094226,7,971,-132,197,-210,560,-210,31
2,55,1757714094226,8,971,-132,197,-280,420,-70,31
2,55,1757714094226,9,971,-132,197,-210,560,-210,31
2,56,1757714094393,0,971,-132,197,-280,560,-140,31
2,56,1757714094393,1,971,-132,197,-280,490,-140,31
2,56,1757714094393,2,971,-132,197,-210,490,-210,31
2,56,1757714094393,3,971,-132,197,-280,420,-70,31
2,56,1757714094393,4,971,-132,197,-210,560,-210,31
2,56,1757714094393,5,971,-132,197,-210,490,-140,31
2,56,1757714094393,6,971,-132,197,-280,420,-140,31
2,56,1757714094393,7,971,-132,197,-210,630,-210,31
2,56,1757714094393,8,971,-132,197,-280,420,-70,31
2,56,1757714094393,9,971,-132,197,-210,560,-280,31
2,57,1757714094560,0,971,-132,197,-280,490,-140,31
2,57,1757714094560,1,971,-132,197,-210,490,-140,31
2,57,1757714094560,2,971,-132,197,-280,420,-70,31
2,57,1757714094560,3,971,-132,197,-140,560,-280,31
2,57,1757714094560,4,971,-132,197,-350,420,0,31
2,57,1757714094560,5,971,-132,197,-70,700,-420,31
2,57,1757714094560,6,971,-131,197,-420,350,70,31
2,57,1757714094560,7,971,-132,197,-140,630,-280,31
2,57,1757714094560,8,971,-131,197,-280,490,-140,31
2,57,1757714094560,9,971,-131,197,-280,420,-140,31
2,59,1757714094893,0,971,-131,197,-210,560,-210,31
2,59,1757714094893,1,971,-131,197,-210,560,-210,31
2,59,1757714094893,2,971,-132,197,-210,560,-280,31
2,59,1757714094893,3,971,-132,197,-210,560,-280,31
2,59,1757714094893,4,971,-131,197,-140,630,-420,31
2,59,1757714094893,5,971,-131,197,-140,630,-420,31
2,59,1757714094893,6,971,-131,197,-350,350,70,31
2,59,1757714094893,7,971,-131,197,-210,630,-280,31
2,59,1757714094893,8,971,-131,197,-210,560,-210,31
2,59,1757714094893,9,971,-132,197,-350,350,0,31
2,59,1757714094893,0,971,-131,197,-210,560,-210,31
2,59,1757714094893,1,971,-131,197,-210,560,-210,31
2,59,1757714094893,2,971,-132,197,-210,560,-280,31
2,59,1757714094893,3,971,-132,197,-210,560,-280,31
2,59,1757714094893,4,971,-131,197,-140,630,-420,31
2,59,1757714094893,5,971,-131,197,-140,630,-420,31
2,59,1757714094893,6,971,-131,197,-350,350,70,31
2,59,1757714094893,7,971,-131,197,-210,630,-280,31
2,59,1757714094893,8,971,-131,197,-210,560,-210,31
2,59,1757714094893,9,971,-132,197,-350,350,0,31
2,60,1757714095060,0,971,-131,197,-420,210,140,31
2,60,1757714095060,1,971,-131,197,-140,700,-420,31
2,60,1757714095060,2,971,-131,197,-280,420,-140,31
2,60,1757714095060,3,971,-131,197,-280,420,0,31
2,60,1757714095060,4,971,-131,197,-140,700,-350,31
2,60,1757714095060,5,971,-131,197,-350,280,70,31
2,60,1757714095060,6,971,-132,197,-140,700,-350,31
2,60,1757714095060,7,971,-131,197,-280,420,-140,31
2,60,1757714095060,8,971,-131,197,-280,490,-70,31
2,60,1757714095060,9,971,-132,197,-140,630,-350,31
2,61,1757714095226,0,971,-132,197,-140,630,-350,31
2,61,1757714095226,1,971,-131,197,-140,630,-350,31
2,61,1757714095226,2,971,-131,197,-140,630,-350,31
2,61,1757714095226,3,971,-131,197,-280,420,-140,31
2,61,1757714095226,4,971,-131,197,-280,420,-140,31
2,61,1757714095226,5,971,-132,197,-140,630,-280,31
2,61,1757714095226,6,971,-132,197,-350,350,0,31
2,61,1757714095226,7,971,-131,197,-350,350,0,31
2,61,1757714095226,8,971,-131,197,-350,420,-70,31
2,61,1757714095226,9,971,-131,197,-280,490,-210,31
2,62,1757714095393,0,971,-131,197,-210,560,-210,31
2,62,1757714095393,1,971,-132,197,-280,420,-70,31
2,62,1757714095393,2,971,-132,197,-140,630,-280,31
2,62,1757714095393,3,971,-132,197,-350,420,0,31
2,62,1757714095393,4,971,-132,197,-210,630,-280,31
2,62,1757714095393,5,971,-131,197,-280,420,-140,31
2,62,1757714095393,6,971,-131,197,-210,490,-140,31
2,62,1757714095393,7,971,-131,197,-210,560,-210,31
2,62,1757714095393,8,971,-131,197,-280,420,-70,31
2,62,1757714095393,9,971,-131,197,-280,560,-210,31
2,63,1757714095560,0,971,-131,197,-210,560,-210,31
2,63,1757714095560,1,971,-131,197,-280,420,-70,31
2,63,1757714095560,2,971,-131,197,-140,630,-280,31
2,63,1757714095560,3,971,-131,197,-280,420,-70,31
2,63,1757714095560,4,971,-131,197,-210,490,-210,31
2,63,1757714095560,5,971,-132,197,-210,490,-140,31
2,63,1757714095560,6,971,-132,197,-280,490,-210,31
2,63,1757714095560,7,971,-131,197,-210,560,-140,31
2,63,1757714095560,8,971,-131,197,-280,420,-140,31
2,63,1757714095560,9,971,-132,197,-280,490,-140,31
2,64,1757714095726,0,971,-132,197,-210,560,-210,31
2,64,1757714095726,1,971,-132,197,-280,490,-70,31
2,64,1757714095726,2,971,-132,197,-210,560,-210,31
2,64,1757714095726,3,971,-132,197,-280,420,-140,31
2,64,1757714095726,4,971,-132,197,-280,560,-210,31
2,64,1757714095726,5,971,-132,197,-280,420,-70,31
2,64,1757714095726,6,971,-132,197,-210,630,-280,31
2,64,1757714095726,7,971,-132,197,-350,350,0,31
2,64,1757714095726,8,971,-132,197,-140,700,-350,31
2,64,1757714095726,9,971,-132,197,-350,350,-70,31
2,65,1757714095893,0,971,-132,196,-210,560,-210,31
2,65,1757714095893,1,971,-132,196,-280,490,-140,31
2,65,1757714095893,2,971,-132,196,-280,490,-70,31
2,65,1757714095893,3,971,-132,196,-210,560,-280,31
2,65,1757714095893,4,971,-132,196,-280,420,-70,31
2,65,1757714095893,5,971,-132,196,-210,560,-280,31
2,65,1757714095893,6,971,-132,196,-280,420,-70,31
2,65,1757714095893,7,971,-132,196,-210,490,-210,31
2,65,1757714095893,8,971,-132,196,-210,490,-210,31
2,65,1757714095893,9,971,-132,196,-280,490,-140,31
2,66,1757714096060,0,971,-132,196,-210,560,-210,31
2,66,1757714096060,1,971,-132,196,-350,420,0,31
2,66,1757714096060,2,971,-132,196,-210,560,-350,31
2,66,1757714096060,3,971,-132,196,-350,420,0,31
2,66,1757714096060,4,971,-132,196,-210,560,-280,31
2,66,1757714096060,5,971,-132,196,-280,490,-140,31
2,66,1757714096060,6,971,-132,196,-280,420,-140,31
2,66,1757714096060,7,971,-132,196,-210,560,-210,31
2,66,1757714096060,8,971,-131,196,-280,420,-70,31
2,66,1757714096060,9,971,-132,196,-210,560,-210,31
2,67,1757714096226,0,971,-132,196,-280,560,-210,31
2,67,1757714096226,1,971,-132,196,-280,490,-140,31
2,67,1757714096226,2,971,-132,196,-210,560,-210,31
2,67,1757714096226,3,971,-132,196,-210,560,-210,31
2,67,1757714096226,4,971,-132,196,-280,490,-140,31
2,67,1757714096226,5,971,-132,196,-280,490,-140,31
2,67,1757714096226,6,971,-132,196,-280,560,-210,31
2,67,1757714096226,7,971,-132,196,-280,560,-210,31
2,67,1757714096226,8,971,-132,196,-280,420,-140,31
2,67,1757714096226,9,971,-132,196,-280,420,-140,31
2,68,1757714096393,0,971,-132,196,-280,420,-140,31
2,68,1757714096393,1,971,-132,196,-280,420,-140,31
2,68,1757714096393,2,971,-132,196,-280,490,-140,31
2,68,1757714096393,3,971,-132,197,-210,490,-140,31
2,68,1757714096393,4,971,-132,197,-280,490,-210,31
2,68,1757714096393,5,971,-132,197,-210,490,-140,31
2,68,1757714096393,6,971,-132,197,-280,490,-140,31
2,68,1757714096393,7,971,-132,197,-210,560,-210,31
2,68,1757714096393,8,971,-132,196,-350,420,-70,31
2,68,1757714096393,9,971,-132,197,-210,560,-280,31
2,69,1757714096560,0,971,-131,197,-210,490,-140,31
2,69,1757714096560,1,971,-131,197,-280,420,-70,31
2,69,1757714096560,2,971,-131,197,-210,630,-280,31
2,69,1757714096560,3,971,-131,197,-350,350,-70,31
2,69,1757714096560,4,971,-131,197,-140,630,-280,31
2,69,1757714096560,5,971,-131,197,-280,420,-70,31
2,69,1757714096560,6,971,-131,197,-210,560,-210,31
2,69,1757714096560,7,971,-131,197,-280,490,-140,31
2,69,1757714096560,8,971,-131,197,-280,420,-70,31
2,69,1757714096560,9,971,-131,197,-210,560,-280,31
2,70,1757714096726,0,971,-131,197,-280,350,-70,31
2,70,1757714096726,1,971,-131,197,-210,630,-280,31
2,70,1757714096726,2,971,-131,197,-280,420,-140,31
2,70,1757714096726,3,971,-131,197,-280,490,-70,31
2,70,1757714096726,4,971,-131,197,-140,560,-350,31
2,70,1757714096726,5,971,-131,197,-350,350,0,31
2,70,1757714096726,6,971,-131,197,-140,700,-420,31
2,70,1757714096726,7,971,-131,197,-350,350,70,31
2,70,1757714096726,8,971,-132,197,-210,630,-350,31
2,70,1757714096726,9,971,-131,197,-280,420,-70,31
2,71,1757714096893,0,971,-132,197,-280,490,-140,31
2,71,1757714096893,1,971,-131,197,-210,560,-280,31
2,71,1757714096893,2,971,-131,197,-350,350,0,31
2,71,1757714096893,3,971,-131,197,-140,630,-280,31
2,71,1757714096893,4,971,-131,197,-280,420,-70,31
2,71,1757714096893,5,971,-131,197,-210,560,-210,31
2,71,1757714096893,6,971,-131,197,-280,490,-140,31
2,71,1757714096893,7,971,-131,197,-280,420,-140,31
2,71,1757714096893,8,971,-132,197,-210,630,-210,31
2,71,1757714096893,9,971,-131,197,-280,350,-70,31
2,72,1757714097060,0,971,-131,197,-210,630,-280,31
2,72,1757714097060,1,971,-131,197,-280,490,-140,31
2,72,1757714097060,2,971,-131,197,-280,490,-140,31
2,72,1757714097060,3,971,-131,197,-210,560,-210,31
2,72,1757714097060,4,971,-131,197,-280,420,-70,31
2,72,1757714097060,5,971,-131,197,-210,560,-280,31
2,72,1757714097060,6,971,-131,197,-280,420,-70,31
2,72,1757714097060,7,971,-131,197,-210,560,-210,31
2,72,1757714097060,8,971,-131,197,-280,490,-140,31
2,72,1757714097060,9,971,-131,197,-280,490,-140,31
2,73,1757714097226,0,971,-131,197,-210,490,-210,31
2,73,1757714097226,1,971,-131,197,-280,490,-70,31
2,73,1757714097226,2,971,-131,197,-210,560,-210,31
2,73,1757714097226,3,971,-131,197,-280,490,-70,31
2,73,1757714097226,4,971,-131,197,-280,490,-210,31
2,73,1757714097226,5,971,-131,197,-210,560,-140,31
2,73,1757714097226,6,971,-131,197,-210,560,-140,31
2,73,1757714097226,7,971,-131,197,-210,560,-210,31
2,73,1757714097226,8,971,-131,197,-210,560,-210,31
2,73,1757714097226,9,971,-131,197,-280,560,-210,31
2,74,1757714097393,0,971,-131,197,-280,490,-210,31
2,74,1757714097393,1,971,-131,197,-280,490,-140,31
2,74,1757714097393,2,971,-131,197,-280,490,-140,31
2,74,1757714097393,3,971,-131,197,-280,420,-140,31
2,74,1757714097393,4,971,-131,197,-210,630,-210,31
2,74,1757714097393,5,971,-131,197,-280,420,-70,31
2,74,1757714097393,6,971,-131,197,-210,560,-210,31
2,74,1757714097393,7,971,-131,197,-280,420,-140,31
2,74,1757714097393,8,971,-131,197,-210,560,-140,31
2,74,1757714097393,9,971,-131,197,-210,560,-280,31
2,75,1757714097560,0,971,-131,197,-280,350,0,31
2,75,1757714097560,1,971,-131,197,-140,630,-350,31
2,75,1757714097560,2,971,-131,197,-350,350,0,31
2,75,1757714097560,3,971,-131,197,-140,630,-350,31
2,75,1757714097560,4,971,-131,197,-280,420,-140,31
2,75,1757714097560,5,971,-131,197,-280,490,-70,31
2,75,1757714097560,6,971,-131,197,-140,560,-280,31
2,75,1757714097560,7,971,-131,197,-350,350,0,31
2,75,1757714097560,8,971,-131,197,-140,630,-350,31
2,75,1757714097560,9,971,-131,197,-350,420,0,31
2,76,1757714097726,0,971,-131,197,-350,420,0,31
2,76,1757714097726,1,971,-131,197,-210,490,-140,31
2,76,1757714097726,2,971,-131,197,-210,490,-140,31
2,76,1757714097726,3,971,-131,197,-140,700,-350,31
2,76,1757714097726,4,971,-131,197,-140,700,-350,31
2,76,1757714097726,5,971,-131,197,-350,350,-280,31
2,76,1757714097726,6,971,-132,197,-350,350,-280,31
2,76,1757714097726,7,971,-132,197,-280,490,-70,31
2,76,1757714097726,8,971,-132,197,-210,490,-140,31
2,76,1757714097726,9,971,-132,197,-280,560,-140,31
2,77,1757714097893,0,971,-131,197,-280,420,-140,31
2,77,1757714097893,1,971,-132,197,-210,560,-280,31
2,77,1757714097893,2,971,-131,197,-280,420,-70,31
2,77,1757714097893,3,971,-132,197,-210,630,-280,31
2,77,1757714097893,4,971,-132,197,-280,420,-70,31
2,77,1757714097893,5,971,-132,197,-210,560,-210,31
2,77,1757714097893,6,971,-132,197,-210,490,-210,31
2,77,1757714097893,7,971,-132,197,-280,420,-70,31
2,77,1757714097893,8,971,-132,197,-210,560,-280,31
2,77,1757714097893,9,971,-132,197,-350,420,0,31
2,78,1757714098060,0,971,-132,197,-280,420,-70,31
2,78,1757714098060,1,971,-132,197,-280,420,-70,31
2,78,1757714098060,2,971,-132,197,-210,490,-210,31
2,78,1757714098060,3,971,-132,197,-210,490,-210,31
2,78,1757714098060,4,971,-132,197,-280,420,-70,31
2,78,1757714098060,5,971,-132,197,-210,560,-280,31
2,78,1757714098060,6,971,-132,197,-280,420,-70,31
2,78,1757714098060,7,971,-132,197,-210,490,-210,31
2,78,1757714098060,8,971,-132,197,-210,490,-140,31
2,78,1757714098060,9,971,-132,197,-280,490,-210,31
2,79,1757714098226,0,971,-132,197,-280,490,-140,31
2,79,1757714098226,1,971,-131,197,-210,560,-210,31
2,79,1757714098226,2,971,-132,197,-210,490,-140,31
2,79,1757714098226,3,971,-132,197,-280,490,-140,31
2,79,1757714098226,4,971,-132,197,-210,560,-140,31
2,79,1757714098226,5,971,-132,197,-280,490,-140,31
2,79,1757714098226,6,971,-132,197,-210,490,-140,31
2,79,1757714098226,7,971,-132,197,-210,560,-210,31
2,79,1757714098226,8,971,-132,197,-280,420,-70,31
2,79,1757714098226,9,971,-132,197,-210,560,-210,31
2,81,1757714098560,0,971,-132,196,-350,350,0,31
2,81,1757714098560,1,971,-132,196,-210,560,-280,31
2,81,1757714098560,2,971,-132,196,-280,490,-70,31
2,81,1757714098560,3,971,-132,196,-210,490,-210,31
2,81,1757714098560,4,971,-132,196,-210,560,-210,31
2,81,1757714098560,5,971,-132,196,-280,420,-70,31
2,81,1757714098560,6,971,-132,196,-140,700,-280,31
2,81,1757714098560,7,971,-132,196,-280,350,0,31
2,81,1757714098560,8,971,-132,196,-210,630,-210,31
2,81,1757714098560,9,971,-132,196,-280,490,-140,31
2,81,1757714098560,0,971,-132,196,-350,350,0,31
2,81,1757714098560,1,971,-132,196,-210,560,-280,31
2,81,1757714098560,2,971,-132,196,-280,490,-70,31
2,81,1757714098560,3,971,-132,196,-210,490,-210,31
2,81,1757714098560,4,971,-132,196,-210,560,-210,31
2,81,1757714098560,5,971,-132,196,-280,420,-70,31
2,81,1757714098560,6,971,-132,196,-140,700,-280,31
2,81,1757714098560,7,971,-132,196,-280,350,0,31
2,81,1757714098560,8,971,-132,196,-210,630,-210,31
2,81,1757714098560,9,971,-132,196,-280,490,-140,31
2,82,1757714098726,0,971,-132,196,-280,490,-140,31
2,82,1757714098726,1,971,-132,196,-210,630,-350,31
2,82,1757714098726,2,971,-132,196,-210,630,-350,31
2,82,1757714098726,3,971,-132,196,-140,700,-420,31
2,82,1757714098726,4,971,-132,196,-140,700,-420,31
2,82,1757714098726,5,971,-132,196,-210,630,-280,31
2,82,1757714098726,6,971,-132,196,-210,630,-280,31
2,82,1757714098726,7,971,-132,196,-280,490,-210,31
2,82,1757714098726,8,971,-132,196,-350,420,0,31
2,82,1757714098726,9,971,-132,196,-210,630,-350,31
2,83,1757714098893,0,971,-132,196,-350,420,0,31
2,83,1757714098893,1,971,-132,196,-210,490,-140,31
2,83,1757714098893,2,971,-132,196,-280,420,-140,31
2,83,1757714098893,3,971,-132,196,-210,560,-210,31
2,83,1757714098893,4,971,-131,196,-280,490,-70,31
2,83,1757714098893,5,971,-132,196,-210,560,-210,31
2,83,1757714098893,6,971,-131,196,-280,490,-140,31
2,83,1757714098893,7,971,-132,196,-280,490,-140,31
2,83,1757714098893,8,971,-132,196,-210,560,-210,31
2,83,1757714098893,9,971,-131,196,-280,490,-210,31
2,84,1757714099060,0,971,-132,196,-280,560,-140,31
2,84,1757714099060,1,971,-132,196,-280,560,-140,31
2,84,1757714099060,2,971,-132,196,-280,560,-140,31
2,84,1757714099060,3,971,-132,196,-280,560,-140,31
2,84,1757714099060,4,971,-131,196,-210,490,-140,31
2,84,1757714099060,5,971,-131,196,-210,490,-140,31
2,84,1757714099060,6,971,-132,196,-280,490,-140,31
2,84,1757714099060,7,971,-131,196,-280,490,-140,31
2,84,1757714099060,8,971,-132,196,-280,490,-140,31
2,84,1757714099060,9,971,-131,196,-280,490,-140,31
2,85,1757714099226,0,971,-132,196,-210,560,-210,31
2,85,1757714099226,1,971,-132,196,-280,420,-70,31
2,85,1757714099226,2,971,-132,196,-210,560,-210,31
2,85,1757714099226,3,971,-132,196,-210,490,-140,31
2,85,1757714099226,4,971,-131,196,-280,490,-70,31
2,85,1757714099226,5,971,-131,196,-210,560,-280,31
2,85,1757714099226,6,971,-131,196,-280,420,-70,31
2,85,1757714099226,7,971,-131,196,-210,560,-280,31
2,85,1757714099226,8,971,-131,196,-280,490,-140,31
2,85,1757714099226,9,971,-132,196,-280,490,-210,31
2,86,1757714099393,0,971,-132,196,-210,560,-210,31
2,86,1757714099393,1,971,-131,196,-280,420,-70,31
2,86,1757714099393,2,971,-131,196,-210,560,-210,31
2,86,1757714099393,3,971,-131,196,-280,490,-140,31
2,86,1757714099393,4,971,-131,196,-210,560,-210,31
2,86,1757714099393,5,971,-132,196,-280,560,-140,31
2,86,1757714099393,6,971,-131,196,-280,420,-140,31
2,86,1757714099393,7,971,-131,196,-210,560,-210,31
2,86,1757714099393,8,971,-131,196,-280,420,-70,31
2,86,1757714099393,9,971,-131,196,-210,560,-210,31
2,87,1757714099560,0,971,-131,196,-280,420,-140,31
2,87,1757714099560,1,971,-131,196,-280,490,-140,31
2,87,1757714099560,2,971,-131,196,-280,560,-280,31
2,87,1757714099560,3,971,-131,196,-280,420,-70,31
2,87,1757714099560,4,971,-132,196,-140,630,-280,31
2,87,1757714099560,5,971,-131,196,-350,350,0,31
2,87,1757714099560,6,971,-131,196,-210,630,-280,31
2,87,1757714099560,7,971,-132,196,-280,420,-70,31
2,87,1757714099560,8,971,-132,196,-210,560,-210,31
2,87,1757714099560,9,971,-132,196,-210,490,-140,31
2,88,1757714099726,0,971,-132,196,-280,420,-70,31
2,88,1757714099726,1,971,-132,196,-210,560,-280,31
2,88,1757714099726,2,971,-132,196,-280,420,0,31
2,88,1757714099726,3,971,-132,196,-210,560,-280,31
2,88,1757714099726,4,971,-132,196,-280,490,-140,31
2,88,1757714099726,5,971,-132,196,-280,490,-210,31
2,88,1757714099726,6,971,-132,196,-210,490,-210,31
2,88,1757714099726,7,971,-132,196,-280,490,-140,31
2,88,1757714099726,8,971,-132,196,-210,560,-140,31
2,88,1757714099726,9,971,-132,196,-280,490,-140,31
2,89,1757714099893,0,971,-132,196,-210,560,-210,31
2,89,1757714099893,1,971,-132,196,-280,490,-140,31
2,89,1757714099893,2,971,-132,196,-210,490,-210,31
2,89,1757714099893,3,971,-132,196,-280,560,-210,31
2,89,1757714099893,4,971,-132,196,-280,420,-70,31
2,89,1757714099893,5,971,-132,196,-210,630,-280,31
2,89,1757714099893,6,971,-132,196,-280,420,-140,31
2,89,1757714099893,7,971,-132,196,-210,560,-210,31
2,89,1757714099893,8,971,-132,196,-280,420,-140,31
2,89,1757714099893,9,971,-132,196,-280,490,-140,31
2,90,1757714100060,0,971,-132,196,-210,490,-210,31
2,90,1757714100060,1,971,-132,196,-280,490,-140,31
2,90,1757714100060,2,971,-132,196,-280,560,-210,31
2,90,1757714100060,3,971,-132,196,-280,420,-140,31
2,90,1757714100060,4,971,-132,196,-280,420,-140,31
2,90,1757714100060,5,971,-132,196,-210,490,-140,31
2,90,1757714100060,6,971,-132,196,-210,490,-140,31
2,90,1757714100060,7,971,-132,196,-280,490,-210,31
2,90,1757714100060,8,971,-132,196,-280,490,-210,31
2,90,1757714100060,9,971,-132,196,-280,490,-210,31
2,91,1757714100226,0,971,-132,196,-280,490,-210,31
2,91,1757714100226,1,971,-132,196,-280,560,-210,31
2,91,1757714100226,2,971,-132,196,-280,490,-140,31
2,91,1757714100226,3,971,-132,196,-210,560,-210,31
2,91,1757714100226,4,971,-132,196,-280,490,-140,31
2,91,1757714100226,5,971,-132,196,-210,490,-140,31
2,91,1757714100226,6,971,-132,196,-210,560,-210,31
2,91,1757714100226,7,971,-132,196,-280,420,-70,31
2,91,1757714100226,8,971,-132,196,-210,560,-210,31
2,91,1757714100226,9,971,-132,196,-280,490,-140,31
2,92,1757714100393,0,971,-132,196,-280,490,-140,31
2,92,1757714100393,1,971,-132,196,-210,490,-210,31
2,92,1757714100393,2,971,-132,196,-280,490,-70,31
2,92,1757714100393,3,971,-132,196,-280,420,-70,31
2,92,1757714100393,4,971,-132,196,-210,560,-280,31
2,92,1757714100393,5,971,-132,197,-280,490,-140,31
2,92,1757714100393,6,971,-132,197,-280,490,-210,31
2,92,1757714100393,7,971,-132,197,-280,490,-140,31
2,92,1757714100393,8,971,-132,197,-280,490,-140,31
2,92,1757714100393,9,971,-132,197,-210,560,-140,31
2,93,1757714100560,0,971,-132,197,-210,560,-140,31
2,93,1757714100560,1,971,-132,197,-280,490,-140,31
2,93,1757714100560,2,971,-132,197,-210,560,-210,31
2,93,1757714100560,3,971,-132,197,-280,490,-280,31
2,93,1757714100560,4,971,-132,197,-280,490,-280,31
2,93,1757714100560,5,971,-132,197,-280,490,-140,31
2,93,1757714100560,6,971,-132,197,-210,490,-210,31
2,93,1757714100560,7,971,-132,197,-210,560,-210,31
2,93,1757714100560,8,971,-132,197,-280,420,-140,31
2,93,1757714100560,9,971,-132,197,-210,630,-210,31
2,94,1757714100726,0,971,-132,197,-280,490,-140,31
2,94,1757714100726,1,971,-132,197,-280,490,-70,31
2,94,1757714100726,2,971,-132,197,-210,560,-210,31
2,94,1757714100726,3,971,-132,197,-280,420,-70,31
2,94,1757714100726,4,971,-132,197,-210,560,-210,31
2,94,1757714100726,5,971,-132,197,-280,490,-140,31
2,94,1757714100726,6,971,-132,197,-280,490,-140,31
2,94,1757714100726,7,971,-132,197,-210,490,-210,31
2,94,1757714100726,8,971,-132,197,-280,490,-70,31
2,94,1757714100726,9,971,-132,197,-210,490,-210,31
2,95,1757714100893,0,971,-132,197,-280,490,-140,31
2,95,1757714100893,1,971,-132,197,-210,490,-210,31
2,95,1757714100893,2,971,-132,197,-280,490,-140,31
2,95,1757714100893,3,971,-132,197,-210,490,-210,31
2,95,1757714100893,4,971,-132,197,-280,490,-70,31
2,95,1757714100893,5,971,-132,197,-280,490,-140,31
2,95,1757714100893,6,971,-132,197,-210,560,-210,31
2,95,1757714100893,7,971,-132,197,-280,490,-70,31
2,95,1757714100893,8,971,-132,197,-210,560,-210,31
2,95,1757714100893,9,971,-132,197,-280,490,-140,31
2,96,1757714101060,0,971,-132,197,-210,490,-140,31
2,96,1757714101060,1,971,-132,197,-210,490,-210,31
2,96,1757714101060,2,971,-132,197,-210,490,-140,31
2,96,1757714101060,3,971,-132,197,-280,560,-140,31
2,96,1757714101060,4,971,-132,197,-280,490,-140,31
2,96,1757714101060,5,971,-132,197,-280,490,-140,31
2,96,1757714101060,6,971,-132,197,-210,490,-280,31
2,96,1757714101060,7,971,-132,197,-280,420,-70,31
2,96,1757714101060,8,971,-132,197,-210,630,-280,31
2,96,1757714101060,9,971,-132,197,-280,420,-70,31
2,97,1757714101226,0,971,-132,197,-210,560,-280,31
2,97,1757714101226,1,971,-132,197,-280,490,-140,31
2,97,1757714101226,2,971,-131,197,-280,490,-140,31
2,97,1757714101226,3,971,-132,197,-210,560,-210,31
2,97,1757714101226,4,971,-131,197,-280,490,-70,31
2,97,1757714101226,5,971,-132,197,-210,560,-280,31
2,97,1757714101226,6,971,-132,197,-280,420,-70,31
2,97,1757714101226,7,971,-131,197,-210,560,-280,31
2,97,1757714101226,8,971,-131,197,-280,490,-140,31
2,97,1757714101226,9,971,-131,197,-280,490,-140,31
2,98,1757714101393,0,971,-131,197,-210,560,-210,31
2,98,1757714101393,1,971,-131,197,-280,420,-70,31
2,98,1757714101393,2,971,-131,197,-140,560,-210,31
2,98,1757714101393,3,971,-131,197,-280,490,-140,31
2,98,1757714101393,4,971,-131,197,-280,490,-140,31
2,98,1757714101393,5,971,-131,197,-280,560,-210,31
2,98,1757714101393,6,971,-131,197,-210,420,-140,31
2,98,1757714101393,7,971,-131,197,-210,560,-280,31
2,98,1757714101393,8,971,-131,197,-280,420,-140,31
2,98,1757714101393,9,971,-131,197,-210,560,-210,31
2,99,1757714101560,0,971,-131,197,-280,490,-140,31
2,99,1757714101560,1,971,-131,197,-280,490,-140,31
2,99,1757714101560,2,971,-131,197,-210,560,-280,31
2,99,1757714101560,3,971,-131,197,-210,560,-280,31
2,99,1757714101560,4,971,-131,197,-280,350,0,31
2,99,1757714101560,5,971,-131,197,-210,420,-70,31
2,99,1757714101560,6,971,-131,197,-210,420,-70,31
2,99,1757714101560,7,971,-131,197,-210,560,-210,31
2,99,1757714101560,8,971,-131,197,-210,490,-140,31
2,99,1757714101560,9,971,-131,197,-280,420,-140,31
2,100,1757714101726,0,971,-131,197,-280,490,-140,31
2,100,1757714101726,1,971,-131,197,-280,490,-140,31
2,100,1757714101726,2,971,-131,197,-210,490,-210,31
2,100,1757714101726,3,971,-131,197,-210,490,-140,31
2,100,1757714101726,4,971,-131,197,-280,490,-140,31
2,100,1757714101726,5,971,-131,197,-210,560,-210,31
2,100,1757714101726,6,971,-131,197,-280,490,-140,31
2,100,1757714101726,7,971,-131,197,-280,490,-140,31
2,100,1757714101726,8,971,-131,197,-210,560,-210,31
2,100,1757714101726,9,971,-132,197,-210,490,-140,31
2,101,1757714101893,0,971,-132,197,-280,490,-140,31
2,101,1757714101893,1,971,-131,197,-210,560,-210,31
2,101,1757714101893,2,971,-131,197,-280,490,-140,31
2,101,1757714101893,3,971,-131,197,-280,490,-140,31
2,101,1757714101893,4,971,-131,197,-280,420,-70,31
2,101,1757714101893,5,971,-131,197,-280,420,-70,31
2,101,1757714101893,6,971,-131,197,-280,490,-140,31
2,101,1757714101893,7,971,-131,197,-280,490,-140,31
2,101,1757714101893,8,971,-131,197,-280,490,-140,31
2,101,1757714101893,9,971,-132,197,-210,560,-280,31
2,102,1757714102060,0,971,-132,197,-280,490,-140,31
2,102,1757714102060,1,971,-131,197,-280,490,-140,31
2,102,1757714102060,2,971,-132,197,-210,560,-210,31
2,102,1757714102060,3,971,-131,197,-280,420,-140,31
2,102,1757714102060,4,971,-131,197,-210,560,-210,31
2,102,1757714102060,5,971,-131,197,-280,420,-140,31
2,102,1757714102060,6,971,-131,197,-210,560,-280,31
2,102,1757714102060,7,971,-131,197,-280,490,-70,31
2,102,1757714102060,8,971,-131,197,-210,560,-210,31
2,102,1757714102060,9,971,-132,197,-280,490,-140,31
2,103,1757714102226,0,971,-131,197,-210,490,-140,31
2,103,1757714102226,1,971,-132,197,-210,560,-210,31
2,103,1757714102226,2,971,-131,197,-280,420,-70,31
2,103,1757714102226,3,971,-131,197,-210,560,-210,31
2,103,1757714102226,4,971,-131,197,-280,420,-140,31
2,103,1757714102226,5,971,-131,197,-210,560,-140,31
2,103,1757714102226,6,971,-132,197,-210,490,-210,31
2,103,1757714102226,7,971,-131,197,-280,490,-70,31
2,103,1757714102226,8,971,-132,197,-210,560,-280,31
2,103,1757714102226,9,971,-131,197,-280,420,-70,31
2,104,1757714102393,0,971,-131,197,-210,560,-210,31
2,104,1757714102393,1,971,-131,197,-210,490,-140,31
2,104,1757714102393,2,971,-131,197,-280,560,-140,31
2,104,1757714102393,3,971,-131,197,-210,490,-210,31
2,104,1757714102393,4,971,-131,197,-280,490,-140,31
2,104,1757714102393,5,971,-132,197,-210,490,-210,31
2,104,1757714102393,6,971,-132,197,-280,490,-70,31
2,104,1757714102393,7,971,-132,197,-210,560,-280,31
2,104,1757714102393,8,971,-132,197,-280,420,-70,31
2,104,1757714102393,9,971,-132,197,-210,560,-280,31
2,105,1757714102560,0,971,-132,197,-280,490,-140,31
2,105,1757714102560,1,971,-132,197,-280,490,-210,31
2,105,1757714102560,2,971,-132,197,-210,560,-210,31
2,105,1757714102560,3,971,-132,197,-280,420,-70,31
2,105,1757714102560,4,971,-132,197,-210,560,-280,31
2,105,1757714102560,5,971,-132,197,-280,490,-70,31
2,105,1757714102560,6,971,-131,197,-210,490,-140,31
2,105,1757714102560,7,971,-132,197,-210,560,-210,31
2,105,1757714102560,8,971,-131,197,-280,350,-70,31
2,105,1757714102560,9,971,-131,197,-210,630,-210,31
2,106,1757714102726,0,971,-132,197,-280,490,-140,31
2,106,1757714102726,1,971,-132,197,-280,490,-140,31
2,106,1757714102726,2,971,-131,197,-210,560,-280,31
2,106,1757714102726,3,971,-131,197,-280,420,0,31
2,106,1757714102726,4,971,-131,197,-210,560,-280,31
2,106,1757714102726,5,971,-131,197,-280,420,-70,31
2,106,1757714102726,6,971,-131,197,-210,560,-280,31
2,106,1757714102726,7,971,-132,197,-280,490,-140,31
2,106,1757714102726,8,971,-131,197,-210,560,-210,31
2,106,1757714102726,9,971,-132,197,-210,490,-140,31
2,107,1757714102893,0,971,-132,197,-280,490,-140,31
2,107,1757714102893,1,971,-132,197,-210,560,-210,31
2,107,1757714102893,2,971,-132,197,-280,490,-70,31
2,107,1757714102893,3,971,-132,197,-210,560,-280,31
2,107,1757714102893,4,971,-132,197,-280,490,-70,31
2,107,1757714102893,5,971,-132,197,-280,490,-70,31
2,107,1757714102893,6,971,-132,197,-210,490,-70,31
2,107,1757714102893,7,971,-132,197,-210,490,-70,31
2,107,1757714102893,8,971,-132,197,-280,490,-210,31
2,107,1757714102893,9,971,-132,197,-280,490,-210,31
2,108,1757714103060,0,971,-132,197,-280,420,-70,31
2,108,1757714103060,1,971,-132,197,-140,630,-280,31
2,108,1757714103060,2,971,-132,197,-140,630,-280,31
2,108,1757714103060,3,971,-132,197,-210,560,-210,31
2,108,1757714103060,4,971,-132,197,-210,490,-210,31
2,108,1757714103060,5,971,-132,197,-280,420,-140,31
2,108,1757714103060,6,971,-132,197,-210,630,-280,31
2,108,1757714103060,7,971,-132,197,-350,420,-70,31
2,108,1757714103060,8,971,-132,197,-210,630,-210,31
2,108,1757714103060,9,971,-132,197,-280,420,-140,31
2,109,1757714103226,0,971,-132,197,-280,490,-70,31
2,109,1757714103226,1,971,-132,197,-210,630,-280,31
2,109,1757714103226,2,971,-132,197,-350,420,0,31
2,109,1757714103226,3,971,-132,197,-210,630,-210,31
2,109,1757714103226,4,971,-132,197,-210,490,-140,31
2,109,1757714103226,5,971,-132,197,-280,490,-140,31
2,109,1757714103226,6,971,-132,197,-210,560,-210,31
2,109,1757714103226,7,971,-132,197,-280,490,-140,31
2,109,1757714103226,8,971,-132,197,-210,490,-210,31
2,109,1757714103226,9,971,-132,197,-280,490,-140,31
2,110,1757714103393,0,971,-132,197,-210,490,-210,31
2,110,1757714103393,1,971,-132,197,-280,490,-140,31
2,110,1757714103393,2,971,-132,197,-280,560,-210,31
2,110,1757714103393,3,971,-132,197,-280,490,-140,31
2,110,1757714103393,4,971,-132,197,-210,560,-280,31
2,110,1757714103393,5,971,-132,197,-280,490,-140,31
2,110,1757714103393,6,971,-132,197,-280,560,-210,31
2,110,1757714103393,7,971,-132,197,-210,560,-210,31
2,110,1757714103393,8,971,-132,197,-280,490,-70,31
2,110,1757714103393,9,971,-132,196,-210,560,-280,31
2,111,1757714103560,0,971,-132,197,-280,420,-70,31
2,111,1757714103560,1,971,-132,197,-210,560,-280,31
2,111,1757714103560,2,971,-132,197,-280,490,-140,31
2,111,1757714103560,3,971,-131,197,-280,420,-140,31
2,111,1757714103560,4,971,-132,197,-210,560,-210,31
2,111,1757714103560,5,971,-132,197,-280,490,-140,31
2,111,1757714103560,6,971,-131,197,-210,560,-210,31
2,111,1757714103560,7,971,-132,197,-280,490,-140,31
2,111,1757714103560,8,971,-131,197,-280,490,-140,31
2,111,1757714103560,9,971,-132,197,-210,490,-210,31
2,112,1757714103726,0,971,-132,197,-280,490,-140,31
2,112,1757714103726,1,971,-131,197,-280,490,-210,31
2,112,1757714103726,2,971,-131,197,-210,490,-210,31
2,112,1757714103726,3,971,-131,197,-280,490,-140,31
2,112,1757714103726,4,971,-131,197,-210,560,-210,31
2,112,1757714103726,5,971,-131,197,-280,490,-70,31
2,112,1757714103726,6,971,-131,197,-280,490,-210,31
2,112,1757714103726,7,971,-131,197,-280,560,-140,31
2,112,1757714103726,8,971,-131,197,-210,490,-210,31
2,112,1757714103726,9,971,-132,197,-280,490,-140,31
2,113,1757714103893,0,971,-131,197,-210,490,-210,31
2,113,1757714103893,1,971,-131,197,-210,490,-70,31
2,113,1757714103893,2,971,-131,197,-280,560,-210,31
2,113,1757714103893,3,971,-131,197,-210,490,-140,31
2,113,1757714103893,4,971,-131,197,-280,490,-140,31
2,113,1757714103893,5,971,-131,197,-280,490,-140,31
2,113,1757714103893,6,971,-131,197,-350,420,-70,31
2,113,1757714103893,7,971,-131,197,-140,630,-280,31
2,113,1757714103893,8,971,-131,197,-140,630,-280,31
2,113,1757714103893,9,971,-131,197,-280,560,-210,31
2,114,1757714104060,0,971,-131,197,-280,560,-210,31
2,114,1757714104060,1,971,-131,197,-280,560,-140,31
2,114,1757714104060,2,971,-131,197,-280,420,-140,31
2,114,1757714104060,3,971,-131,197,-280,490,-140,31
2,114,1757714104060,4,971,-131,197,-280,490,-140,31
2,114,1757714104060,5,971,-131,197,-280,490,-140,31
2,114,1757714104060,6,971,-131,197,-210,560,-210,31
2,114,1757714104060,7,971,-131,197,-280,420,-70,31
2,114,1757714104060,8,971,-131,197,-280,560,-210,31
2,114,1757714104060,9,971,-131,197,-210,490,-140,31
2,115,1757714104226,0,971,-131,197,-210,490,-210,31
2,115,1757714104226,1,971,-131,197,-280,490,-140,31
2,115,1757714104226,2,971,-132,197,-210,490,-210,31
2,115,1757714104226,3,971,-132,197,-280,490,-140,31
2,115,1757714104226,4,971,-132,197,-210,490,-210,31
2,115,1757714104226,5,971,-132,197,-280,490,-70,31
2,115,1757714104226,6,971,-131,197,-210,490,-210,31
2,115,1757714104226,7,971,-132,197,-280,490,-70,31
2,115,1757714104226,8,971,-132,197,-280,490,-210,31
2,115,1757714104226,9,971,-132,197,-210,560,-140,31
2,116,1757714104393,0,971,-132,197,-210,560,-140,31
2,116,1757714104393,1,971,-132,197,-210,560,-280,31
2,116,1757714104393,2,971,-132,197,-210,560,-280,31
2,116,1757714104393,3,971,-132,197,-210,560,-210,31
2,116,1757714104393,4,971,-132,197,-210,560,-210,31
2,116,1757714104393,5,971,-132,197,-280,490,-140,31
2,116,1757714104393,6,971,-131,197,-280,420,-140,31
2,116,1757714104393,7,971,-131,197,-210,560,-210,31
2,116,1757714104393,8,971,-131,197,-280,420,-70,31
2,116,1757714104393,9,971,-131,197,-280,560,-210,31
2,117,1757714104560,0,971,-132,197,-280,420,-140,31
2,117,1757714104560,1,971,-131,197,-210,490,-140,31
2,117,1757714104560,2,971,-131,197,-210,490,-280,31
2,117,1757714104560,3,971,-132,197,-280,490,-140,31
2,117,1757714104560,4,971,-132,197,-210,560,-210,31
2,117,1757714104560,5,971,-132,197,-210,490,-140,31
2,117,1757714104560,6,971,-132,197,-280,490,-140,31
2,117,1757714104560,7,971,-132,197,-210,560,-210,31
2,117,1757714104560,8,971,-132,197,-280,490,-140,31
2,117,1757714104560,9,971,-131,197,-210,490,-210,31
2,118,1757714104726,0,971,-132,197,-280,490,-140,31
2,118,1757714104726,1,971,-132,197,-210,490,-210,31
2,118,1757714104726,2,971,-132,197,-280,490,-70,31
2,118,1757714104726,3,971,-131,197,-210,490,-210,31
2,118,1757714104726,4,971,-132,197,-210,490,-140,31
2,118,1757714104726,5,971,-131,197,-280,490,-140,31
2,118,1757714104726,6,971,-132,197,-210,560,-210,31
2,118,1757714104726,7,971,-132,197,-280,420,-140,31
2,118,1757714104726,8,971,-132,197,-210,490,-210,31
2,118,1757714104726,9,971,-132,197,-280,490,-140,31
2,119,1757714104893,0,971,-132,197,-210,560,-210,31
2,119,1757714104893,1,971,-132,197,-280,490,-140,31
2,119,1757714104893,2,971,-132,197,-210,490,-210,31
2,119,1757714104893,3,971,-132,197,-210,490,-210,31
2,119,1757714104893,4,971,-132,197,-280,420,-140,31
2,119,1757714104893,5,971,-132,197,-210,560,-210,31
2,119,1757714104893,6,971,-132,197,-280,420,-70,31
2,119,1757714104893,7,971,-132,197,-210,560,-140,31
2,119,1757714104893,8,971,-132,197,-210,490,-210,31
2,119,1757714104893,9,971,-132,197,-280,490,-140,31
2,120,1757714105060,0,971,-132,197,-210,560,-210,31
2,120,1757714105060,1,971,-132,197,-280,490,-70,31
2,120,1757714105060,2,971,-132,197,-210,560,-210,31
2,120,1757714105060,3,971,-132,197,-210,560,-210,31
2,120,1757714105060,4,971,-132,197,-350,490,-70,31
2,120,1757714105060,5,971,-132,197,-140,630,-350,31
2,120,1757714105060,6,971,-132,197,-350,350,0,31
2,120,1757714105060,7,971,-132,197,-210,630,-280,31
2,120,1757714105060,8,971,-132,197,-280,490,-70,31
2,120,1757714105060,9,971,-131,197,-280,490,-210,31
2,121,1757714105226,0,971,-131,197,-210,490,-140,31
2,121,1757714105226,1,971,-131,197,-210,490,-210,31
2,121,1757714105226,2,971,-131,197,-210,490,-140,31
2,121,1757714105226,3,971,-131,197,-280,490,-210,31
2,121,1757714105226,4,971,-132,197,-280,490,-140,31
2,121,1757714105226,5,971,-132,197,-280,490,-140,31
2,121,1757714105226,6,971,-132,197,-210,560,-210,31
2,121,1757714105226,7,971,-132,197,-280,490,-140,31
2,121,1757714105226,8,971,-132,197,-210,560,-210,31
2,121,1757714105226,9,971,-132,197,-280,490,-70,31
2,122,1757714105393,0,971,-132,197,-210,560,-210,31
2,122,1757714105393,1,971,-132,197,-280,490,-140,31
2,122,1757714105393,2,971,-132,197,-280,490,-210,31
2,122,1757714105393,3,971,-132,197,-280,490,-140,31
2,122,1757714105393,4,971,-132,197,-210,560,-210,31
2,122,1757714105393,5,971,-132,197,-210,560,-210,31
2,122,1757714105393,6,971,-132,197,-280,490,-210,31
2,122,1757714105393,7,971,-132,197,-280,490,-210,31
2,122,1757714105393,8,971,-132,197,-280,490,-210,31
2,122,1757714105393,9,971,-132,197,-280,490,-210,31
2,123,1757714105560,0,971,-132,197,-280,490,-140,31
2,123,1757714105560,1,971,-132,197,-280,490,-140,31
2,123,1757714105560,2,971,-132,197,-210,490,-140,31
2,123,1757714105560,3,971,-132,197,-280,490,-140,31
2,123,1757714105560,4,971,-132,197,-140,630,-280,31
2,123,1757714105560,5,971,-132,197,-350,420,0,31
2,123,1757714105560,6,971,-132,197,-140,630,-350,31
2,123,1757714105560,7,971,-132,197,-280,420,-70,31
2,123,1757714105560,8,971,-132,197,-280,490,-210,31
2,123,1757714105560,9,971,-132,197,-210,560,-210,31
2,124,1757714105726,0,971,-132,197,-280,420,-70,31
2,124,1757714105726,1,971,-132,197,-210,560,-210,31
2,124,1757714105726,2,971,-132,197,-280,420,-140,31
2,124,1757714105726,3,971,-132,197,-280,560,-210,31
2,124,1757714105726,4,971,-132,197,-210,490,-140,31
2,124,1757714105726,5,971,-132,197,-280,560,-210,31
2,124,1757714105726,6,971,-132,197,-210,490,-140,31
2,124,1757714105726,7,971,-132,197,-280,490,-140,31
2,124,1757714105726,8,971,-132,197,-280,490,-210,31
2,124,1757714105726,9,971,-132,197,-280,490,-210,31
2,125,1757714105893,0,971,-132,197,-280,490,-210,31
2,125,1757714105893,1,971,-132,197,-280,490,-210,31
2,125,1757714105893,2,971,-132,197,-280,560,-140,31
2,125,1757714105893,3,971,-132,197,-280,490,-140,31
2,125,1757714105893,4,971,-132,197,-210,490,-210,31
2,125,1757714105893,5,971,-132,197,-280,490,-140,31
2,125,1757714105893,6,971,-132,197,-280,490,-140,31
2,125,1757714105893,7,971,-132,197,-280,490,-140,31
2,125,1757714105893,8,971,-132,197,-280,490,-210,31
2,125,1757714105893,9,971,-132,197,-280,490,-140,31
2,126,1757714106060,0,971,-132,197,-210,490,-210,31
2,126,1757714106060,1,971,-132,197,-280,490,-70,31
2,126,1757714106060,2,971,-132,197,-210,490,-210,31
2,126,1757714106060,3,971,-132,197,-280,490,-140,31
2,126,1757714106060,4,971,-132,197,-210,490,-210,31
2,126,1757714106060,5,971,-132,197,-210,560,-210,31
2,126,1757714106060,6,971,-132,197,-280,420,-70,31
2,126,1757714106060,7,971,-132,197,-210,630,-210,31
2,126,1757714106060,8,971,-132,197,-280,490,-140,31
2,126,1757714106060,9,971,-132,197,-210,560,-210,31
2,127,1757714106226,0,971,-132,197,-280,490,-210,31
2,127,1757714106226,1,971,-132,197,-280,490,-140,31
2,127,1757714106226,2,971,-132,197,-280,560,-210,31
2,127,1757714106226,3,971,-132,197,-210,490,-210,31
2,127,1757714106226,4,971,-131,197,-280,490,-140,31
2,127,1757714106226,5,971,-131,197,-210,560,-280,31
2,127,1757714106226,6,971,-132,197,-280,490,-70,31
2,127,1757714106226,7,971,-131,197,-210,560,-210,31
2,127,1757714106226,8,971,-132,197,-280,490,-140,31
2,127,1757714106226,9,971,-131,197,-280,420,-140,31
2,128,1757714106393,0,971,-132,197,-210,560,-210,31
2,128,1757714106393,1,971,-131,197,-350,350,-70,31
2,128,1757714106393,2,971,-131,197,-210,560,-210,31
2,128,1757714106393,3,971,-132,197,-280,490,-140,31
2,128,1757714106393,4,971,-131,197,-280,490,-140,31
2,128,1757714106393,5,971,-132,197,-210,560,-140,31
2,128,1757714106393,6,971,-131,197,-210,490,-140,31
2,128,1757714106393,7,971,-131,197,-280,490,-140,31
2,128,1757714106393,8,971,-131,197,-210,560,-210,31
2,128,1757714106393,9,971,-131,197,-280,490,-140,31
2,129,1757714106560,0,971,-131,197,-210,490,-210,31
2,129,1757714106560,1,971,-132,197,-210,560,-140,31
2,129,1757714106560,2,971,-131,197,-280,490,-140,31
2,129,1757714106560,3,971,-132,197,-280,560,-140,31
2,129,1757714106560,4,971,-131,197,-210,490,-210,31
2,129,1757714106560,5,971,-131,197,-280,490,-70,31
2,129,1757714106560,6,971,-131,197,-210,490,-210,31
2,129,1757714106560,7,971,-132,197,-280,490,-140,31
2,129,1757714106560,8,971,-131,197,-210,490,-210,31
2,129,1757714106560,9,971,-131,197,-210,490,-210,31
2,130,1757714106726,0,971,-131,197,-280,490,-70,31
2,130,1757714106726,1,971,-131,197,-140,630,-280,31
2,130,1757714106726,2,971,-131,197,-280,420,-70,31
2,130,1757714106726,3,971,-131,197,-210,560,-210,31
2,130,1757714106726,4,971,-131,197,-280,490,-70,31
2,130,1757714106726,5,971,-131,197,-210,490,-210,31
2,130,1757714106726,6,971,-131,197,-280,490,-140,31
2,130,1757714106726,7,971,-131,197,-280,490,-210,31
2,130,1757714106726,8,971,-132,197,-280,490,-140,31
2,130,1757714106726,9,971,-132,197,-210,490,-210,31
2,131,1757714106893,0,971,-132,197,-210,560,-140,31
2,131,1757714106893,1,971,-132,197,-280,490,-140,31
2,131,1757714106893,2,971,-132,197,-280,490,-140,31
2,131,1757714106893,3,971,-132,197,-280,560,-140,31
2,131,1757714106893,4,971,-132,197,-280,560,-140,31
2,131,1757714106893,5,971,-132,197,-280,490,-140,31
2,131,1757714106893,6,971,-132,197,-280,490,-140,31
2,131,1757714106893,7,971,-132,197,-210,420,-70,31
2,131,1757714106893,8,971,-132,197,-210,420,-70,31
2,131,1757714106893,9,971,-132,197,-280,490,-210,31
2,132,1757714107060,0,971,-132,197,-210,560,-140,31
2,132,1757714107060,1,971,-132,197,-280,490,-140,31
2,132,1757714107060,2,971,-132,197,-210,630,-280,31
2,132,1757714107060,3,971,-132,197,-280,420,-70,31
2,132,1757714107060,4,971,-132,197,-210,560,-210,31
2,132,1757714107060,5,971,-132,197,-280,490,-140,31
2,132,1757714107060,6,971,-132,197,-280,490,-140,31
2,132,1757714107060,7,971,-132,197,-210,490,-210,31
2,132,1757714107060,8,971,-132,197,-210,490,-140,31
2,132,1757714107060,9,971,-132,197,-280,490,-140,31
2,134,1757714107393,0,971,-131,197,-280,490,-210,31
2,134,1757714107393,1,971,-131,197,-280,420,-140,31
2,134,1757714107393,2,971,-131,197,-280,490,-140,31
2,134,1757714107393,3,971,-131,197,-210,560,-210,31
2,134,1757714107393,4,971,-131,197,-280,490,-140,31
2,134,1757714107393,5,971,-131,197,-210,490,-210,31
2,134,1757714107393,6,971,-132,197,-210,560,-140,31
2,134,1757714107393,7,971,-131,197,-280,420,-140,31
2,134,1757714107393,8,971,-132,197,-210,630,-280,31
2,134,1757714107393,9,971,-131,197,-350,420,-70,31
2,134,1757714107393,0,971,-131,197,-280,490,-210,31
2,134,1757714107393,1,971,-131,197,-280,420,-140,31
2,134,1757714107393,2,971,-131,197,-280,490,-140,31
2,134,1757714107393,3,971,-131,197,-210,560,-210,31
2,134,1757714107393,4,971,-131,197,-280,490,-140,31
2,134,1757714107393,5,971,-131,197,-210,490,-210,31
2,134,1757714107393,6,971,-132,197,-210,560,-140,31
2,134,1757714107393,7,971,-131,197,-280,420,-140,31
2,134,1757714107393,8,971,-132,197,-210,630,-280,31
2,134,1757714107393,9,971,-131,197,-350,420,-70,31
2,135,1757714107560,0,971,-131,197,-210,630,-210,31
2,135,1757714107560,1,971,-131,197,-280,490,-140,31
2,135,1757714107560,2,971,-131,197,-280,490,-140,31
2,135,1757714107560,3,971,-131,197,-210,490,-210,31
2,135,1757714107560,4,971,-131,197,-210,490,-140,31
2,135,1757714107560,5,971,-131,197,-280,490,-70,31
2,135,1757714107560,6,971,-132,197,-210,490,-210,31
2,135,1757714107560,7,971,-132,197,-280,490,-140,31
2,135,1757714107560,8,971,-132,197,-210,560,-280,31
2,135,1757714107560,9,971,-132,197,-280,490,-70,31
2,136,1757714107726,0,971,-132,197,-210,560,-280,31
2,136,1757714107726,1,971,-132,197,-350,420,-70,31
2,136,1757714107726,2,971,-132,197,-210,560,-280,31
2,136,1757714107726,3,971,-132,197,-280,490,-70,31
2,136,1757714107726,4,971,-132,197,-280,490,-140,31
2,136,1757714107726,5,971,-132,197,-210,560,-210,31
2,136,1757714107726,6,971,-132,197,-350,420,-70,31
2,136,1757714107726,7,971,-132,197,-210,560,-280,31
2,136,1757714107726,8,971,-132,197,-350,420,-70,31
2,136,1757714107726,9,971,-132,197,-210,560,-280,31
2,137,1757714107893,0,971,-132,197,-280,490,-140,31
2,137,1757714107893,1,971,-132,197,-280,490,-140,31
2,137,1757714107893,2,971,-132,197,-210,630,-280,31
2,137,1757714107893,3,971,-132,197,-280,420,-70,31
2,137,1757714107893,4,971,-132,197,-210,560,-210,31
2,137,1757714107893,5,971,-132,197,-280,490,-140,31
2,137,1757714107893,6,971,-132,197,-210,560,-140,31
2,137,1757714107893,7,971,-132,197,-280,490,-140,31
2,137,1757714107893,8,971,-132,197,-210,490,-140,31
2,137,1757714107893,9,971,-132,197,-210,560,-210,31
2,138,1757714108060,0,971,-132,197,-210,490,-140,31
2,138,1757714108060,1,971,-132,197,-210,560,-210,31
2,138,1757714108060,2,971,-132,197,-210,490,-140,31
2,138,1757714108060,3,971,-132,197,-280,490,-140,31
2,138,1757714108060,4,971,-132,197,-280,490,-210,31
2,138,1757714108060,5,971,-132,197,-280,490,-70,31
2,138,1757714108060,6,971,-132,197,-210,560,-210,31
2,138,1757714108060,7,971,-132,197,-280,490,-140,31
2,138,1757714108060,8,971,-132,197,-210,490,-210,31
2,138,1757714108060,9,971,-132,197,-280,490,-140,31
2,139,1757714108226,0,971,-132,197,-280,490,-140,31
2,139,1757714108226,1,971,-132,197,-210,560,-140,31
2,139,1757714108226,2,971,-132,197,-280,490,-140,31
2,139,1757714108226,3,971,-132,197,-210,560,-210,31
2,139,1757714108226,4,971,-132,197,-280,490,-140,31
2,139,1757714108226,5,971,-132,197,-210,560,-210,31
2,139,1757714108226,6,971,-132,197,-280,490,-140,31
2,139,1757714108226,7,971,-132,197,-210,490,-210,31
2,139,1757714108226,8,971,-132,197,-280,490,-140,31
2,139,1757714108226,9,971,-132,197,-280,490,-140,31
2,140,1757714108393,0,971,-131,197,-210,560,-210,31
2,140,1757714108393,1,971,-131,197,-210,560,-210,31
2,140,1757714108393,2,971,-132,197,-210,560,-210,31
2,140,1757714108393,3,971,-132,197,-210,560,-210,31
2,140,1757714108393,4,971,-131,197,-280,420,-140,31
2,140,1757714108393,5,971,-131,197,-210,490,-140,31
2,140,1757714108393,6,971,-131,197,-210,560,-280,31
2,140,1757714108393,7,971,-131,197,-280,420,-70,31
2,140,1757714108393,8,971,-131,197,-210,560,-210,31
2,140,1757714108393,9,971,-131,197,-280,420,-140,31
2,141,1757714108560,0,971,-131,197,-210,560,-210,31
2,141,1757714108560,1,971,-131,197,-280,490,-210,31
2,141,1757714108560,2,971,-131,197,-280,490,-140,31
2,141,1757714108560,3,971,-131,197,-210,560,-280,31
2,141,1757714108560,4,971,-131,197,-280,420,-70,31
2,141,1757714108560,5,971,-131,197,-210,560,-280,31
2,141,1757714108560,6,971,-131,197,-280,420,-70,31
2,141,1757714108560,7,971,-131,197,-280,490,-140,31
2,141,1757714108560,8,971,-131,197,-140,630,-280,31
2,141,1757714108560,9,971,-131,197,-350,350,0,31
2,142,1757714108726,0,971,-131,197,-280,420,-70,31
2,142,1757714108726,1,971,-132,197,-210,490,-140,31
2,142,1757714108726,2,971,-131,197,-210,560,-280,31
2,142,1757714108726,3,971,-131,197,-210,560,-280,31
2,142,1757714108726,4,971,-131,197,-140,700,-350,31
2,142,1757714108726,5,971,-131,197,-140,700,-350,31
2,142,1757714108726,6,971,-131,197,-350,350,0,31
2,142,1757714108726,7,971,-131,197,-350,350,0,31
2,142,1757714108726,8,971,-131,197,-210,560,-280,31
2,142,1757714108726,9,971,-131,197,-280,420,-70,31
2,144,1757714109060,0,971,-132,197,-280,490,-140,31
2,144,1757714109060,1,971,-131,197,-210,560,-210,31
2,144,1757714109060,2,971,-132,197,-210,490,-140,31
2,144,1757714109060,3,971,-131,197,-280,490,-140,31
2,144,1757714109060,4,971,-132,197,-210,560,-210,31
2,144,1757714109060,5,971,-131,197,-350,420,-70,31
2,144,1757714109060,6,971,-131,197,-210,560,-210,31
2,144,1757714109060,7,971,-131,197,-280,490,-140,31
2,144,1757714109060,8,971,-131,197,-280,490,-140,31
2,144,1757714109060,9,971,-131,197,-210,560,-210,31
2,144,1757714109060,0,971,-132,197,-280,490,-140,31
2,144,1757714109060,1,971,-131,197,-210,560,-210,31
2,144,1757714109060,2,971,-132,197,-210,490,-140,31
2,144,1757714109060,3,971,-131,197,-280,490,-140,31
2,144,1757714109060,4,971,-132,197,-210,560,-210,31
2,144,1757714109060,5,971,-131,197,-350,420,-70,31
2,144,1757714109060,6,971,-131,197,-210,560,-210,31
2,144,1757714109060,7,971,-131,197,-280,490,-140,31
2,144,1757714109060,8,971,-131,197,-280,490,-140,31
2,144,1757714109060,9,971,-131,197,-210,560,-210,31
2,145,1757714109226,0,971,-131,197,-210,420,-140,31
2,145,1757714109226,1,971,-131,197,-210,560,-210,31
2,145,1757714109226,2,971,-131,197,-210,490,-140,31
2,145,1757714109226,3,971,-131,197,-210,490,-140,31
2,145,1757714109226,4,971,-131,197,-280,490,-210,31
2,145,1757714109226,5,971,-131,197,-210,560,-140,31
2,145,1757714109226,6,971,-132,197,-280,490,-210,31
2,145,1757714109226,7,971,-131,197,-280,490,-140,31
2,145,1757714109226,8,971,-132,197,-210,560,-210,31
2,145,1757714109226,9,971,-132,197,-280,420,-70,31
2,146,1757714109393,0,971,-131,197,-280,560,-210,31
2,146,1757714109393,1,971,-132,197,-210,560,-210,31
2,146,1757714109393,2,971,-132,197,-350,420,-70,31
2,146,1757714109393,3,971,-132,197,-140,630,-350,31
2,146,1757714109393,4,971,-132,197,-350,420,0,31
2,146,1757714109393,5,971,-132,197,-350,420,0,31
2,146,1757714109393,6,971,-131,197,-280,490,-140,31
2,146,1757714109393,7,971,-131,197,-280,490,-140,31
2,146,1757714109393,8,971,-131,197,-210,630,-280,31
2,146,1757714109393,9,971,-132,197,-210,630,-280,31
2,147,1757714109560,0,971,-132,197,-140,630,-280,31
2,147,1757714109560,1,971,-132,197,-280,420,-140,31
2,147,1757714109560,2,971,-132,197,-210,490,-140,31
2,147,1757714109560,3,971,-132,197,-210,560,-210,31
2,147,1757714109560,4,971,-132,197,-280,420,-70,31
2,147,1757714109560,5,971,-132,197,-210,560,-280,31
2,147,1757714109560,6,971,-132,197,-280,420,-70,31
2,147,1757714109560,7,971,-132,197,-210,630,-280,31
2,147,1757714109560,8,971,-132,197,-280,420,-70,31
2,147,1757714109560,9,971,-132,197,-280,560,-140,31
2,148,1757714109726,0,971,-132,197,-210,490,-210,31
2,148,1757714109726,1,971,-132,197,-350,490,-70,31
2,148,1757714109726,2,971,-132,197,-210,630,-280,31
2,148,1757714109726,3,971,-132,197,-350,420,0,31
2,148,1757714109726,4,971,-132,197,-210,560,-280,31
2,148,1757714109726,5,971,-132,197,-280,490,-140,31
2,148,1757714109726,6,971,-132,197,-280,490,-140,31
2,148,1757714109726,7,971,-132,197,-210,560,-280,31
2,148,1757714109726,8,971,-132,197,-210,560,-280,31
2,148,1757714109726,9,971,-132,197,-280,420,-210,31
2,149,1757714109893,0,971,-132,197,-280,420,-210,31
2,149,1757714109893,1,971,-132,197,-210,560,-210,31
2,149,1757714109893,2,971,-132,197,-210,560,-210,31
2,149,1757714109893,3,971,-132,197,-280,560,-140,31
2,149,1757714109893,4,971,-132,197,-280,420,-140,31
2,149,1757714109893,5,971,-132,197,-210,560,-210,31
2,149,1757714109893,6,971,-132,197,-280,420,-140,31
2,149,1757714109893,7,971,-132,197,-210,630,-280,31
2,149,1757714109893,8,971,-132,197,-280,420,-140,31
2,149,1757714109893,9,971,-132,197,-210,560,-210,31
2,150,1757714110060,0,971,-132,197,-280,420,-70,31
2,150,1757714110060,1,971,-132,197,-280,420,-70,31
2,150,1757714110060,2,971,-132,197,-210,630,-280,31
2,150,1757714110060,3,971,-132,197,-280,420,-70,31
2,150,1757714110060,4,971,-132,197,-210,560,-210,31
2,150,1757714110060,5,971,-132,197,-280,490,-140,31
2,150,1757714110060,6,971,-132,197,-280,490,-140,31
2,150,1757714110060,7,971,-132,197,-210,560,-210,31
2,150,1757714110060,8,971,-132,197,-280,490,-70,31
2,150,1757714110060,9,971,-132,197,-210,490,-210,31
2,151,1757714110226,0,971,-132,197,-210,560,-140,31
2,151,1757714110226,1,971,-131,197,-280,490,-140,31
2,151,1757714110226,2,971,-132,197,-210,560,-210,31
2,151,1757714110226,3,971,-132,197,-280,490,-140,31
2,151,1757714110226,4,971,-132,197,-210,560,-140,31
2,151,1757714110226,5,971,-132,197,-280,490,-140,31
2,151,1757714110226,6,971,-131,197,-280,490,-140,31
2,151,1757714110226,7,971,-132,197,-210,560,-280,31
2,151,1757714110226,8,971,-132,197,-280,420,-70,31
2,151,1757714110226,9,971,-132,197,-210,630,-280,31
2,152,1757714110393,0,971,-132,197,-280,420,-70,31
2,152,1757714110393,1,971,-132,197,-210,630,-210,31
2,152,1757714110393,2,971,-132,197,-280,420,-140,31
2,152,1757714110393,3,971,-132,197,-280,490,-140,31
2,152,1757714110393,4,971,-132,197,-210,560,-210,31
2,152,1757714110393,5,971,-132,197,-280,420,-70,31
2,152,1757714110393,6,971,-132,197,-210,560,-280,31
2,152,1757714110393,7,971,-132,197,-280,490,-70,31
2,152,1757714110393,8,971,-132,197,-280,490,-210,31
2,152,1757714110393,9,971,-132,197,-280,490,-210,31
2,153,1757714110560,0,971,-132,197,-280,490,-140,31
2,153,1757714110560,1,971,-132,197,-210,490,-140,31
2,153,1757714110560,2,971,-132,197,-280,560,-140,31
2,153,1757714110560,3,971,-132,197,-210,560,-210,31
2,153,1757714110560,4,971,-132,197,-280,490,-70,31
2,153,1757714110560,5,971,-132,197,-210,560,-210,31
2,153,1757714110560,6,971,-132,197,-280,490,-140,31
2,153,1757714110560,7,971,-132,197,-280,490,-140,31
2,153,1757714110560,8,971,-132,197,-210,630,-280,31
2,153,1757714110560,9,971,-132,197,-350,280,0,31
2,154,1757714110726,0,971,-132,197,-140,700,-350,31
2,154,1757714110726,1,971,-132,197,-350,350,0,31
2,154,1757714110726,2,971,-132,197,-210,560,-210,31
2,154,1757714110726,3,971,-132,197,-210,560,-280,31
2,154,1757714110726,4,971,-132,197,-280,350,0,31
2,154,1757714110726,5,971,-132,197,-140,700,-420,31
2,154,1757714110726,6,971,-132,197,-350,350,70,31
2,154,1757714110726,7,971,-132,197,-140,700,-280,31
2,154,1757714110726,8,971,-132,197,-280,420,-140,31
2,154,1757714110726,9,971,-132,197,-280,420,-140,31
2,155,1757714110893,0,971,-132,197,-210,560,-280,31
2,155,1757714110893,1,971,-132,197,-210,560,-280,31
2,155,1757714110893,2,971,-132,197,-280,420,-280,31
2,155,1757714110893,3,971,-132,197,-280,420,-280,31
2,155,1757714110893,4,971,-132,197,-280,490,-140,31
2,155,1757714110893,5,971,-132,197,-280,490,-140,31
2,155,1757714110893,6,971,-132,197,-140,560,-280,31
2,155,1757714110893,7,971,-132,197,-350,420,-70,31
2,155,1757714110893,8,971,-132,197,-210,560,-280,31
2,155,1757714110893,9,971,-132,197,-280,420,-70,31
2,156,1757714111060,0,971,-131,197,-280,560,-210,31
2,156,1757714111060,1,971,-132,197,-210,560,-210,31
2,156,1757714111060,2,971,-131,197,-280,420,-70,31
2,156,1757714111060,3,971,-132,197,-210,630,-280,31
2,156,1757714111060,4,971,-131,197,-350,420,-70,31
2,156,1757714111060,5,971,-131,197,-210,560,-210,31
2,156,1757714111060,6,971,-131,197,-280,490,-140,31
2,156,1757714111060,7,971,-132,197,-210,560,-140,31
2,156,1757714111060,8,971,-132,197,-280,490,-140,31
2,156,1757714111060,9,971,-132,197,-210,490,-140,31
2,157,1757714111226,0,971,-132,197,-280,490,-140,31
2,157,1757714111226,1,971,-132,197,-210,560,-210,31
2,157,1757714111226,2,971,-132,197,-280,490,-140,31
2,157,1757714111226,3,971,-132,197,-210,490,-210,31
2,157,1757714111226,4,971,-132,197,-280,490,-140,31
2,157,1757714111226,5,971,-132,197,-210,490,-140,31
2,157,1757714111226,6,971,-132,197,-280,490,-140,31
2,157,1757714111226,7,971,-132,197,-210,560,-280,31
2,157,1757714111226,8,971,-132,197,-280,350,0,31
2,157,1757714111226,9,971,-132,197,-140,630,-350,31
2,158,1757714111393,0,971,-132,197,-280,420,-70,31
2,158,1757714111393,1,971,-131,197,-280,490,-210,31
2,158,1757714111393,2,971,-132,197,-140,630,-280,31
2,158,1757714111393,3,971,-132,197,-350,280,0,31
2,158,1757714111393,4,971,-132,197,-140,630,-350,31
2,158,1757714111393,5,971,-132,197,-350,420,-70,31
2,158,1757714111393,6,971,-132,197,-210,560,-210,31
2,158,1757714111393,7,971,-132,197,-280,560,-210,31
2,158,1757714111393,8,971,-131,197,-280,420,-70,31
2,158,1757714111393,9,971,-132,197,-210,630,-280,31
2,159,1757714111560,0,971,-132,197,-280,420,-70,31
2,159,1757714111560,1,971,-132,197,-210,560,-210,31
2,159,1757714111560,2,971,-132,197,-280,490,-140,31
2,159,1757714111560,3,971,-132,197,-280,490,-140,31
2,159,1757714111560,4,971,-132,197,-210,560,-210,31
2,159,1757714111560,5,971,-132,197,-280,420,-70,31
2,159,1757714111560,6,971,-131,197,-210,560,-280,31
2,159,1757714111560,7,971,-132,197,-280,420,-70,31
2,159,1757714111560,8,971,-132,197,-210,560,-210,31
2,159,1757714111560,9,971,-132,197,-280,490,-140,31
2,160,1757714111726,0,971,-132,197,-280,490,-140,31
2,160,1757714111726,1,971,-132,197,-210,490,-210,31
2,160,1757714111726,2,971,-132,197,-280,490,-70,31
2,160,1757714111726,3,971,-132,197,-210,560,-280,31
2,160,1757714111726,4,971,-132,197,-280,490,-70,31
2,160,1757714111726,5,971,-132,197,-280,490,-210,31
2,160,1757714111726,6,971,-132,197,-210,560,-210,31
2,160,1757714111726,7,971,-132,197,-280,420,-140,31
2,160,1757714111726,8,971,-132,197,-210,560,-280,31
2,160,1757714111726,9,971,-132,197,-280,420,-140,31
2,161,1757714111893,0,971,-132,197,-210,630,-210,31
2,161,1757714111893,1,971,-132,197,-280,420,-140,31
2,161,1757714111893,2,971,-131,197,-280,490,-140,31
2,161,1757714111893,3,971,-131,197,-210,630,-280,31
2,161,1757714111893,4,971,-131,197,-350,350,-70,31
2,161,1757714111893,5,971,-131,197,-210,630,-280,31
2,161,1757714111893,6,971,-132,197,-280,420,-70,31
2,161,1757714111893,7,971,-132,197,-280,560,-140,31
2,161,1757714111893,8,971,-132,197,-210,490,-210,31
2,161,1757714111893,9,971,-132,197,-280,490,-70,31
2,162,1757714112060,0,971,-132,197,-210,560,-280,31
2,162,1757714112060,1,971,-132,197,-280,420,-70,31
2,162,1757714112060,2,971,-132,197,-210,560,-280,31
2,162,1757714112060,3,971,-132,197,-280,490,-140,31
2,162,1757714112060,4,971,-132,197,-280,490,-140,31
2,162,1757714112060,5,971,-132,197,-210,560,-210,31
2,162,1757714112060,6,971,-132,197,-280,420,-140,31
2,162,1757714112060,7,971,-132,197,-210,560,-210,31
2,162,1757714112060,8,971,-132,197,-280,490,-140,31
2,162,1757714112060,9,971,-132,197,-280,490,-210,31
2,163,1757714112226,0,971,-132,197,-280,490,-210,31
2,163,1757714112226,1,971,-132,197,-280,490,-140,31
2,163,1757714112226,2,971,-132,197,-210,560,-210,31
2,163,1757714112226,3,971,-132,197,-350,420,-140,31
2,163,1757714112226,4,971,-132,197,-210,560,-280,31
2,163,1757714112226,5,971,-132,197,-350,420,-70,31
2,163,1757714112226,6,971,-132,197,-350,420,-70,31
2,163,1757714112226,7,971,-132,197,-210,490,-210,31
2,163,1757714112226,8,971,-132,197,-210,490,-210,31
2,163,1757714112226,9,971,-132,197,-210,630,-350,31
2,164,1757714112393,0,971,-132,197,-210,630,-350,31
2,164,1757714112393,1,971,-132,197,-210,630,-280,31
2,164,1757714112393,2,971,-132,197,-210,630,-280,31
2,164,1757714112393,3,971,-132,197,-280,420,-70,31
2,164,1757714112393,4,971,-132,197,-280,420,-70,31
2,164,1757714112393,5,971,-132,197,-210,420,-140,31
2,164,1757714112393,6,971,-132,197,-280,560,-210,31
2,164,1757714112393,7,971,-132,197,-210,490,-140,31
2,164,1757714112393,8,971,-132,197,-280,490,-140,31
2,164,1757714112393,9,971,-132,197,-210,560,-210,31
2,165,1757714112560,0,971,-132,197,-280,560,-210,31
2,165,1757714112560,1,971,-132,197,-280,490,-140,31
2,165,1757714112560,2,971,-132,197,-350,420,-70,31
2,165,1757714112560,3,971,-132,197,-210,560,-280,31
2,165,1757714112560,4,971,-132,197,-350,420,-70,31
2,165,1757714112560,5,971,-132,197,-210,560,-280,31
2,165,1757714112560,6,971,-132,197,-280,490,-140,31
2,165,1757714112560,7,971,-132,197,-280,490,-140,31
2,165,1757714112560,8,971,-131,197,-210,560,-210,31
2,165,1757714112560,9,971,-131,197,-280,420,-140,31
2,166,1757714112726,0,971,-131,197,-280,420,-140,31
2,166,1757714112726,1,971,-132,197,-280,420,-70,31
2,166,1757714112726,2,971,-132,197,-280,420,-70,31
2,166,1757714112726,3,971,-132,197,-210,630,-280,31
2,166,1757714112726,4,971,-132,197,-350,420,-70,31
2,166,1757714112726,5,971,-132,197,-140,560,-280,31
2,166,1757714112726,6,971,-132,197,-280,490,-140,31
2,166,1757714112726,7,971,-132,197,-280,420,-70,31
2,166,1757714112726,8,971,-132,197,-140,630,-350,31
2,166,1757714112726,9,971,-132,197,-350,350,0,31
2,167,1757714112893,0,971,-132,197,-140,630,-350,31
2,167,1757714112893,1,971,-132,197,-280,420,-70,31
2,167,1757714112893,2,971,-132,197,-280,560,-210,31
2,167,1757714112893,3,971,-132,197,-210,560,-210,31
2,167,1757714112893,4,971,-132,197,-280,420,0,31
2,167,1757714112893,5,971,-132,197,-140,560,-350,31
2,167,1757714112893,6,971,-132,197,-280,420,-70,31
2,167,1757714112893,7,971,-132,197,-280,490,-140,31
2,167,1757714112893,8,971,-132,197,-210,560,-210,31
2,167,1757714112893,9,971,-132,197,-350,350,-70,31
2,168,1757714113060,0,971,-132,197,-210,630,-280,31
2,168,1757714113060,1,971,-132,197,-280,420,-70,31
2,168,1757714113060,2,971,-132,197,-210,490,-210,31
2,168,1757714113060,3,971,-132,197,-280,560,-210,31
2,168,1757714113060,4,971,-132,197,-280,420,-70,31
2,168,1757714113060,5,971,-132,197,-210,630,-280,31
2,168,1757714113060,6,971,-132,197,-280,420,-140,31
2,168,1757714113060,7,971,-132,197,-210,560,-210,31
2,168,1757714113060,8,971,-132,197,-280,420,-140,31
2,168,1757714113060,9,971,-132,197,-210,560,-140,31
2,169,1757714113226,0,971,-131,197,-280,490,-210,31
2,169,1757714113226,1,971,-132,197,-210,490,-140,31
2,169,1757714113226,2,971,-132,197,-280,560,-210,31
2,169,1757714113226,3,971,-131,197,-210,490,-140,31
2,169,1757714113226,4,971,-132,197,-280,490,-210,31
2,169,1757714113226,5,971,-131,197,-280,420,-140,31
2,169,1757714113226,6,971,-131,197,-280,560,-210,31
2,169,1757714113226,7,971,-131,197,-280,490,-140,31
2,169,1757714113226,8,971,-131,197,-280,490,-140,31
2,169,1757714113226,9,971,-131,197,-210,560,-210,31
2,170,1757714113393,0,971,-131,197,-210,560,-210,31
2,170,1757714113393,1,971,-131,197,-210,560,-210,31
2,170,1757714113393,2,971,-131,197,-210,560,-210,31
2,170,1757714113393,3,971,-131,197,-210,560,-210,31
2,170,1757714113393,4,971,-131,197,-210,560,-210,31
2,170,1757714113393,5,971,-132,197,-280,490,-210,31
2,170,1757714113393,6,971,-132,197,-210,560,-140,31
2,170,1757714113393,7,971,-131,197,-280,420,-140,31
2,170,1757714113393,8,971,-132,197,-210,560,-280,31
2,170,1757714113393,9,971,-132,197,-280,420,-70,31
2,171,1757714113560,0,971,-132,197,-210,560,-210,31
2,171,1757714113560,1,971,-132,197,-210,560,-140,31
2,171,1757714113560,2,971,-132,197,-280,420,-70,31
2,171,1757714113560,3,971,-132,197,-210,630,-280,31
2,171,1757714113560,4,971,-132,197,-280,420,-70,31
2,171,1757714113560,5,971,-132,197,-210,560,-210,31
2,171,1757714113560,6,971,-132,197,-280,490,-210,31
2,171,1757714113560,7,971,-132,197,-280,490,-140,31
2,171,1757714113560,8,971,-132,197,-210,560,-210,31
2,171,1757714113560,9,971,-132,197,-280,490,-70,31
2,172,1757714113726,0,971,-132,197,-280,490,-210,31
2,172,1757714113726,1,971,-132,197,-210,490,-210,31
2,172,1757714113726,2,971,-132,197,-280,490,-140,31
2,172,1757714113726,3,971,-132,197,-280,490,-140,31
2,172,1757714113726,4,971,-132,197,-280,560,-210,31
2,172,1757714113726,5,971,-132,197,-280,560,-210,31
2,172,1757714113726,6,971,-132,197,-210,560,-140,31
2,172,1757714113726,7,971,-132,197,-210,560,-140,31
2,172,1757714113726,8,971,-132,197,-210,490,-210,31
2,172,1757714113726,9,971,-132,197,-280,490,0,31
2,173,1757714113893,0,971,-132,197,-140,560,-280,31
2,173,1757714113893,1,971,-132,197,-280,420,-70,31
2,173,1757714113893,2,971,-132,197,-210,560,-210,31
2,173,1757714113893,3,971,-132,197,-280,490,-140,31
2,173,1757714113893,4,971,-132,197,-280,420,-140,31
2,173,1757714113893,5,971,-132,197,-210,560,-210,31
2,173,1757714113893,6,971,-132,197,-350,490,-70,31
2,173,1757714113893,7,971,-132,197,-210,560,-210,31
2,173,1757714113893,8,971,-132,197,-280,490,-140,31
2,173,1757714113893,9,971,-132,197,-280,420,-140,31
2,174,1757714114060,0,971,-132,197,-280,420,-70,31
2,174,1757714114060,1,971,-132,197,-210,560,-210,31
2,174,1757714114060,2,971,-132,197,-280,490,-140,31
2,174,1757714114060,3,971,-132,197,-280,420,-70,31
2,174,1757714114060,4,971,-132,197,-280,420,-70,31
2,174,1757714114060,5,971,-132,197,-280,420,-70,31
2,174,1757714114060,6,971,-132,197,-280,420,-70,31
2,174,1757714114060,7,971,-132,197,-280,420,-70,31
2,174,1757714114060,8,971,-132,197,-280,420,-70,31
2,174,1757714114060,9,971,-132,197,-210,490,-210,31
2,175,1757714114226,0,971,-132,197,-210,490,-210,31
2,175,1757714114226,1,971,-132,197,-280,490,-70,31
2,175,1757714114226,2,971,-132,197,-210,630,-280,31
2,175,1757714114226,3,971,-132,197,-350,420,0,31
2,175,1757714114226,4,971,-132,197,-210,560,-280,31
2,175,1757714114226,5,971,-132,197,-280,490,-70,31
2,175,1757714114226,6,971,-132,197,-280,490,-140,31
2,175,1757714114226,7,971,-132,197,-210,560,-140,31
2,175,1757714114226,8,971,-132,197,-280,420,-140,31
2,175,1757714114226,9,971,-132,197,-210,560,-210,31
2,176,1757714114393,0,971,-132,197,-280,490,-140,31
2,176,1757714114393,1,971,-132,197,-210,560,-210,31
2,176,1757714114393,2,971,-132,197,-280,490,-70,31
2,176,1757714114393,3,971,-132,197,-210,560,-210,31
2,176,1757714114393,4,971,-132,197,-280,490,-140,31
2,176,1757714114393,5,971,-132,197,-280,490,-140,31
2,176,1757714114393,6,971,-132,196,-210,560,-210,31
2,176,1757714114393,7,971,-132,197,-280,420,-140,31
2,176,1757714114393,8,971,-132,196,-280,560,-210,31
2,176,1757714114393,9,971,-132,196,-210,490,-210,31
2,177,1757714114560,0,971,-132,196,-280,490,-70,31
2,177,1757714114560,1,971,-132,196,-210,560,-280,31
2,177,1757714114560,2,971,-132,196,-350,350,0,31
2,177,1757714114560,3,971,-132,196,-210,560,-280,31
2,177,1757714114560,4,971,-132,196,-280,490,-140,31
2,177,1757714114560,5,971,-132,196,-280,490,-140,31
2,177,1757714114560,6,971,-132,196,-210,490,-210,31
2,177,1757714114560,7,971,-132,196,-280,560,-140,31
2,177,1757714114560,8,971,-132,196,-280,420,-140,31
2,177,1757714114560,9,971,-132,196,-210,560,-210,31
2,178,1757714114726,0,971,-132,196,-280,420,-140,31
2,178,1757714114726,1,971,-132,196,-210,490,-140,31
2,178,1757714114726,2,971,-132,196,-210,490,-210,31
2,178,1757714114726,3,971,-132,196,-280,490,-140,31
2,178,1757714114726,4,971,-132,196,-210,490,-210,31
2,178,1757714114726,5,971,-132,196,-210,560,-140,31
2,178,1757714114726,6,971,-132,196,-280,420,-140,31
2,178,1757714114726,7,971,-132,196,-210,560,-210,31
2,178,1757714114726,8,971,-132,196,-280,490,-140,31
2,178,1757714114726,9,971,-132,196,-210,560,-210,31
2,179,1757714114893,0,971,-132,196,-210,490,-210,31
2,179,1757714114893,1,971,-132,196,-280,490,-140,31
2,179,1757714114893,2,971,-132,196,-210,560,-210,31
2,179,1757714114893,3,971,-132,196,-210,490,-140,31
2,179,1757714114893,4,971,-132,196,-280,560,-140,31
2,179,1757714114893,5,971,-132,196,-280,490,-210,31
2,179,1757714114893,6,971,-132,196,-210,560,-140,31
2,179,1757714114893,7,971,-132,196,-280,490,-210,31
2,179,1757714114893,8,971,-132,196,-210,490,-140,31
2,179,1757714114893,9,971,-132,196,-280,490,-140,31
2,180,1757714115060,0,971,-132,196,-210,490,-140,31
2,180,1757714115060,1,971,-132,196,-280,490,-140,31
2,180,1757714115060,2,971,-132,196,-280,490,-140,31
2,180,1757714115060,3,971,-132,196,-280,490,-140,31
2,180,1757714115060,4,971,-132,196,-210,560,-210,31
2,180,1757714115060,5,971,-132,196,-280,490,-140,31
2,180,1757714115060,6,971,-132,196,-280,490,-140,31
2,180,1757714115060,7,971,-132,196,-210,560,-210,31
2,180,1757714115060,8,971,-132,196,-280,420,-70,31
2,180,1757714115060,9,971,-132,196,-210,630,-280,31
2,181,1757714115226,0,971,-132,196,-210,630,-280,31
2,181,1757714115226,1,971,-132,196,-210,560,-210,31
2,181,1757714115226,2,971,-132,196,-210,560,-210,31
2,181,1757714115226,3,971,-132,196,-280,490,-140,31
2,181,1757714115226,4,971,-132,196,-280,490,-140,31
2,181,1757714115226,5,971,-132,196,-280,420,-70,31
2,181,1757714115226,6,971,-132,196,-280,420,-70,31
2,181,1757714115226,7,971,-132,196,-210,560,-210,31
2,181,1757714115226,8,971,-132,196,-280,490,-140,31
2,181,1757714115226,9,971,-132,196,-280,560,-210,31
2,183,1757714115560,0,971,-132,196,-280,560,-140,31
2,183,1757714115560,1,971,-132,196,-280,490,-140,31
2,183,1757714115560,2,971,-132,196,-280,490,-140,31
2,183,1757714115560,3,971,-132,196,-280,490,-70,31
2,183,1757714115560,4,971,-132,196,-280,490,-70,31
2,183,1757714115560,5,971,-132,196,-280,490,-70,31
2,183,1757714115560,6,971,-132,196,-280,490,-70,31
2,183,1757714115560,7,971,-132,196,-280,490,-210,31
2,183,1757714115560,8,971,-132,196,-210,560,-140,31
2,183,1757714115560,9,971,-132,196,-280,420,-70,31
2,183,1757714115560,0,971,-132,196,-280,560,-140,31
2,183,1757714115560,1,971,-132,196,-280,490,-140,31
2,183,1757714115560,2,971,-132,196,-280,490,-140,31
2,183,1757714115560,3,971,-132,196,-280,490,-70,31
2,183,1757714115560,4,971,-132,196,-280,490,-70,31
2,183,1757714115560,5,971,-132,196,-280,490,-70,31
2,183,1757714115560,6,971,-132,196,-280,490,-70,31
2,183,1757714115560,7,971,-132,196,-280,490,-210,31
2,183,1757714115560,8,971,-132,196,-210,560,-140,31
2,183,1757714115560,9,971,-132,196,-280,420,-70,31
2,184,1757714115726,0,971,-132,196,-210,560,-210,31
2,184,1757714115726,1,971,-132,196,-280,490,-140,31
2,184,1757714115726,2,971,-132,196,-280,490,-140,31
2,184,1757714115726,3,971,-132,196,-210,560,-210,31
2,184,1757714115726,4,971,-132,196,-280,420,-70,31
2,184,1757714115726,5,971,-132,196,-210,560,-280,31
2,184,1757714115726,6,971,-132,196,-280,420,-140,31
2,184,1757714115726,7,971,-132,196,-280,560,-140,31
2,184,1757714115726,8,971,-132,196,-210,490,-210,31
2,184,1757714115726,9,971,-132,196,-280,490,-70,31
2,185,1757714115893,0,971,-132,196,-210,560,-280,31
2,185,1757714115893,1,971,-132,196,-280,420,-70,31
2,185,1757714115893,2,971,-132,196,-210,560,-210,31
2,185,1757714115893,3,971,-132,196,-210,560,-140,31
2,185,1757714115893,4,971,-132,196,-280,490,-140,31
2,185,1757714115893,5,971,-132,196,-210,560,-210,31
2,185,1757714115893,6,971,-132,196,-280,420,-70,31
2,185,1757714115893,7,971,-132,196,-210,560,-210,31
2,185,1757714115893,8,971,-132,196,-280,560,-140,31
2,185,1757714115893,9,971,-132,196,-210,490,-140,31
2,186,1757714116060,0,971,-132,196,-210,560,-280,31
2,186,1757714116060,1,971,-132,196,-280,420,-70,31
2,186,1757714116060,2,971,-132,196,-210,560,-210,31
2,186,1757714116060,3,971,-132,196,-280,420,-140,31
2,186,1757714116060,4,971,-132,196,-280,490,-140,31
2,186,1757714116060,5,971,-132,196,-280,490,-140,31
2,186,1757714116060,6,971,-132,196,-210,490,-140,31
2,186,1757714116060,7,971,-132,196,-210,560,-210,31
2,186,1757714116060,8,971,-132,196,-280,490,-70,31
2,186,1757714116060,9,971,-132,196,-210,560,-280,31
