{
  "bomFormat" : "CycloneDX",
  "specVersion" : "1.6",
  "version" : 1,
  "metadata" : {
    "timestamp" : "2025-09-16T13:20:03.053778100Z",
    "authors" : [ {
      "name" : "Silicon Laboratories, Inc."
    } ],
    "properties" : [ {
      "name" : "Silicon Labs Disclaimer",
      "value" : "TERMS OF USE - SILICON LABORATORIES INC.\n(With respect to Silicon Labs software components, this Software Bill of Materials (SBOM) is based upon Silicon Labs'\nreview and analysis of the code version when released.  It is provided \"AS IS\" and does not modify, change or alter\nthe terms or conditions of your use of Silicon Labs' software and/or SDKs based upon license terms and/or agreements\nassociated with this software or SDKs when distributed to you, received by you, or installed by you.  Further, no\nwarranties or obligations are created by this SBOM.  It is your obligation to comply with the terms of licenses\nreferenced in this SBOM.)"
    } ]
  },
  "components" : [ {
    "scope" : "required",
    "type" : "library",
    "bom-ref" : "wiseconnect3_sdk:3.5.0",
    "name" : "WiSeConnect 3 SDK",
    "version" : "3.5.0",
    "components" : [ {
      "scope" : "required",
      "type" : "library",
      "bom-ref" : "wiseconnect3_sdk:3.5.0:SIWG917M111MGTBA",
      "name" : "SIWG917M111MGTBA",
      "version" : "3.5.0",
      "licenses" : [ {
        "expression" : "MSLA"
      } ]
    }, {
      "scope" : "required",
      "type" : "library",
      "bom-ref" : "wiseconnect3_sdk:3.5.0:basic_network_config_manager",
      "name" : "Basic Network Configuration Manager",
      "version" : "3.5.0",
      "licenses" : [ {
        "expression" : "MSLA"
      } ]
    }, {
      "scope" : "required",
      "type" : "library",
      "bom-ref" : "wiseconnect3_sdk:3.5.0:ble",
      "name" : "BLE",
      "version" : "3.5.0",
      "licenses" : [ {
        "expression" : "Zlib"
      } ]
    }, {
      "scope" : "required",
      "type" : "library",
      "bom-ref" : "wiseconnect3_sdk:3.5.0:brd4338a",
      "name" : "BRD4338A",
      "version" : "3.5.0",
      "licenses" : [ {
        "expression" : "Zlib"
      } ]
    }, {
      "scope" : "required",
      "type" : "library",
      "bom-ref" : "wiseconnect3_sdk:3.5.0:console",
      "name" : "Console",
      "version" : "3.5.0",
      "licenses" : [ {
        "expression" : "MSLA"
      } ]
    }, {
      "scope" : "required",
      "type" : "library",
      "bom-ref" : "wiseconnect3_sdk:3.5.0:http_client",
      "name" : "HTTP Client",
      "version" : "3.5.0",
      "licenses" : [ {
        "expression" : "MSLA"
      } ]
    }, {
      "scope" : "required",
      "type" : "library",
      "bom-ref" : "wiseconnect3_sdk:3.5.0:i2c_instance",
      "name" : "I2C",
      "version" : "3.5.0",
      "licenses" : [ {
        "expression" : "Zlib"
      } ]
    }, {
      "scope" : "required",
      "type" : "library",
      "bom-ref" : "wiseconnect3_sdk:3.5.0:mbedtls",
      "name" : "mbed TLS",
      "version" : "3.5.0",
      "licenses" : [ {
        "expression" : "Apache-2.0"
      } ],
      "pedigree" : {
        "ancestors" : [ {
          "scope" : "required",
          "type" : "library",
          "bom-ref" : "mbedtls:3.2.1",
          "name" : "mbedtls",
          "version" : "3.2.1",
          "supplier" : {
            "name" : "Arm"
          },
          "externalReferences" : [ {
            "type" : "website",
            "url" : "https://github.com/ARMmbed/mbedtls"
          } ],
          "purl" : "pkg:github/ARMmbed/mbedtls@v3.2.1"
        } ]
      }
    }, {
      "scope" : "required",
      "type" : "library",
      "bom-ref" : "wiseconnect3_sdk:3.5.0:network_manager",
      "name" : "Network Manager",
      "version" : "3.5.0",
      "licenses" : [ {
        "expression" : "Zlib AND Apache-2.0"
      } ]
    }, {
      "scope" : "required",
      "type" : "library",
      "bom-ref" : "wiseconnect3_sdk:3.5.0:si91x_debug_uc",
      "name" : "Debug UC",
      "version" : "3.5.0",
      "licenses" : [ {
        "expression" : "MIT"
      } ]
    }, {
      "scope" : "required",
      "type" : "library",
      "bom-ref" : "wiseconnect3_sdk:3.5.0:si91x_memory_default_config",
      "name" : "Default RAM Memory Configuration",
      "version" : "3.5.0",
      "licenses" : [ {
        "expression" : "Zlib"
      } ]
    }, {
      "scope" : "required",
      "type" : "library",
      "bom-ref" : "wiseconnect3_sdk:3.5.0:sl_calendar",
      "name" : "Calendar",
      "version" : "3.5.0",
      "licenses" : [ {
        "expression" : "Zlib"
      } ]
    }, {
      "scope" : "required",
      "type" : "library",
      "bom-ref" : "wiseconnect3_sdk:3.5.0:sl_gspi",
      "name" : "GSPI",
      "version" : "3.5.0",
      "licenses" : [ {
        "expression" : "Zlib"
      } ]
    }, {
      "scope" : "required",
      "type" : "library",
      "bom-ref" : "wiseconnect3_sdk:3.5.0:sl_si91x_basic_buffers",
      "name" : "Basic Buffer Manager",
      "version" : "3.5.0",
      "licenses" : [ {
        "expression" : "Zlib"
      } ]
    }, {
      "scope" : "required",
      "type" : "library",
      "bom-ref" : "wiseconnect3_sdk:3.5.0:sl_si91x_internal_stack",
      "name" : "Internal Network Stack",
      "version" : "3.5.0",
      "licenses" : [ {
        "expression" : "Zlib"
      } ]
    }, {
      "scope" : "required",
      "type" : "library",
      "bom-ref" : "wiseconnect3_sdk:3.5.0:sl_si91x_led_917",
      "name" : "LED",
      "version" : "3.5.0",
      "licenses" : [ {
        "expression" : "MSLA"
      } ]
    }, {
      "scope" : "required",
      "type" : "library",
      "bom-ref" : "wiseconnect3_sdk:3.5.0:sl_si91x_littlefs_ext_flash",
      "name" : "Little FS for Common Flash parts with external flash",
      "version" : "3.5.0",
      "licenses" : [ {
        "expression" : "Zlib"
      } ]
    }, {
      "scope" : "required",
      "type" : "library",
      "bom-ref" : "wiseconnect3_sdk:3.5.0:sl_usart",
      "name" : "USART",
      "version" : "3.5.0",
      "licenses" : [ {
        "expression" : "Zlib"
      } ]
    }, {
      "scope" : "required",
      "type" : "library",
      "bom-ref" : "wiseconnect3_sdk:3.5.0:sleeptimer_si91x",
      "name" : "Sleep Timer for Si91x",
      "version" : "3.5.0",
      "licenses" : [ {
        "expression" : "Zlib"
      } ]
    }, {
      "scope" : "required",
      "type" : "library",
      "bom-ref" : "wiseconnect3_sdk:3.5.0:syscalls",
      "name" : "System Calls",
      "version" : "3.5.0",
      "licenses" : [ {
        "expression" : "MSLA"
      } ]
    }, {
      "scope" : "required",
      "type" : "library",
      "bom-ref" : "wiseconnect3_sdk:3.5.0:wifi",
      "name" : "Wi-Fi",
      "version" : "3.5.0",
      "licenses" : [ {
        "expression" : "Zlib"
      } ]
    }, {
      "scope" : "required",
      "type" : "library",
      "bom-ref" : "wiseconnect3_sdk:3.5.0:wifi_resources",
      "name" : "WiSeConnect3 Resources",
      "version" : "3.5.0",
      "licenses" : [ {
        "expression" : "MSLA"
      } ]
    }, {
      "scope" : "required",
      "type" : "library",
      "bom-ref" : "wiseconnect3_sdk:3.5.0:wiseconnect3_common",
      "name" : "WiSeConnect3 Common Library",
      "version" : "3.5.0",
      "licenses" : [ {
        "expression" : "Zlib"
      } ]
    }, {
      "scope" : "required",
      "type" : "library",
      "bom-ref" : "wiseconnect3_sdk:3.5.0:rsilib_opamp",
      "name" : "OPAMP",
      "version" : "3.5.0",
      "licenses" : [ {
        "expression" : "Zlib"
      } ]
    }, {
      "scope" : "required",
      "type" : "library",
      "bom-ref" : "wiseconnect3_sdk:3.5.0:wiseconnect_toolchain_gcc_standard",
      "name" : "GCC Toolchain Standard Linker",
      "version" : "3.5.0",
      "licenses" : [ {
        "expression" : "Zlib"
      } ]
    }, {
      "scope" : "required",
      "type" : "library",
      "bom-ref" : "wiseconnect3_sdk:3.5.0:rsilib_egpio",
      "name" : "EGPIO",
      "version" : "3.5.0",
      "licenses" : [ {
        "expression" : "Zlib"
      } ]
    }, {
      "scope" : "required",
      "type" : "library",
      "bom-ref" : "wiseconnect3_sdk:3.5.0:cmsis_usart",
      "name" : "CMSIS USART",
      "version" : "3.5.0",
      "licenses" : [ {
        "expression" : "Apache-2.0 AND Zlib"
      } ]
    }, {
      "scope" : "required",
      "type" : "library",
      "bom-ref" : "wiseconnect3_sdk:3.5.0:cmsis_driver_headers",
      "name" : "CMSIS Driver Header Files",
      "version" : "3.5.0",
      "licenses" : [ {
        "expression" : "Apache-2.0"
      } ]
    }, {
      "scope" : "required",
      "type" : "library",
      "bom-ref" : "wiseconnect3_sdk:3.5.0:basic_credential_manager",
      "name" : "Basic Credential Manager",
      "version" : "3.5.0",
      "licenses" : [ {
        "expression" : "MSLA"
      } ]
    }, {
      "scope" : "required",
      "type" : "library",
      "bom-ref" : "wiseconnect3_sdk:3.5.0:systemlevel_time_period",
      "name" : "TIME PERIOD",
      "version" : "3.5.0",
      "licenses" : [ {
        "expression" : "Zlib"
      } ]
    }, {
      "scope" : "required",
      "type" : "library",
      "bom-ref" : "wiseconnect3_sdk:3.5.0:romdriver_udma_wrapper",
      "name" : "ROM DRIVER UDMA WRAPPER",
      "version" : "3.5.0",
      "licenses" : [ {
        "expression" : "Zlib"
      } ]
    }, {
      "scope" : "required",
      "type" : "library",
      "bom-ref" : "wiseconnect3_sdk:3.5.0:malloc_thread_safety",
      "name" : "Malloc thread safety",
      "version" : "3.5.0",
      "licenses" : [ {
        "expression" : "MSLA"
      } ]
    }, {
      "scope" : "required",
      "type" : "library",
      "bom-ref" : "wiseconnect3_sdk:3.5.0:sl_si91x_errno",
      "name" : "SL errno",
      "version" : "3.5.0",
      "licenses" : [ {
        "expression" : "Zlib"
      } ]
    }, {
      "scope" : "required",
      "type" : "library",
      "bom-ref" : "wiseconnect3_sdk:3.5.0:cmsis_udma",
      "name" : "CMSIS UDMA",
      "version" : "3.5.0",
      "licenses" : [ {
        "expression" : "MSLA AND Zlib"
      } ]
    }, {
      "scope" : "required",
      "type" : "library",
      "bom-ref" : "wiseconnect3_sdk:3.5.0:rsilib_udma",
      "name" : "UDMA",
      "version" : "3.5.0",
      "licenses" : [ {
        "expression" : "Zlib"
      } ]
    }, {
      "scope" : "required",
      "type" : "library",
      "bom-ref" : "wiseconnect3_sdk:3.5.0:sl_gpio_peripheral",
      "name" : "SL GPIO Peripheral",
      "version" : "3.5.0",
      "licenses" : [ {
        "expression" : "Zlib"
      } ]
    }, {
      "scope" : "required",
      "type" : "library",
      "bom-ref" : "wiseconnect3_sdk:3.5.0:rsilib_dac",
      "name" : "DAC",
      "version" : "3.5.0",
      "licenses" : [ {
        "expression" : "Zlib"
      } ]
    }, {
      "scope" : "required",
      "type" : "library",
      "bom-ref" : "wiseconnect3_sdk:3.5.0:brd4338a_config",
      "name" : "brd4338a config",
      "version" : "3.5.0",
      "licenses" : [ {
        "expression" : "Zlib"
      } ]
    }, {
      "scope" : "required",
      "type" : "library",
      "bom-ref" : "wiseconnect3_sdk:3.5.0:opn_config",
      "name" : "opn config",
      "version" : "3.5.0",
      "licenses" : [ {
        "expression" : "Zlib"
      } ]
    }, {
      "scope" : "required",
      "type" : "library",
      "bom-ref" : "wiseconnect3_sdk:3.5.0:rsilib_adc",
      "name" : "ADC",
      "version" : "3.5.0",
      "licenses" : [ {
        "expression" : "Zlib"
      } ]
    }, {
      "scope" : "required",
      "type" : "library",
      "bom-ref" : "wiseconnect3_sdk:3.5.0:systemlevel_reg_spi",
      "name" : "REG SPI",
      "version" : "3.5.0",
      "licenses" : [ {
        "expression" : "Zlib"
      } ]
    }, {
      "scope" : "required",
      "type" : "library",
      "bom-ref" : "wiseconnect3_sdk:3.5.0:romdriver_romtable_headers",
      "name" : "ROM Table Header",
      "version" : "3.5.0",
      "licenses" : [ {
        "expression" : "Zlib"
      } ]
    }, {
      "scope" : "required",
      "type" : "library",
      "bom-ref" : "wiseconnect3_sdk:3.5.0:romdriver_crc",
      "name" : "ROM DRIVER CRC",
      "version" : "3.5.0",
      "licenses" : [ {
        "expression" : "Zlib"
      } ]
    }, {
      "scope" : "required",
      "type" : "library",
      "bom-ref" : "wiseconnect3_sdk:3.5.0:bsd_socket_api",
      "name" : "BSD Socket API",
      "version" : "3.5.0",
      "licenses" : [ {
        "expression" : "MSLA AND Apache-2.0"
      } ],
      "pedigree" : {
        "ancestors" : [ {
          "scope" : "required",
          "type" : "library",
          "bom-ref" : "bsd_socket_api:1.3.0",
          "name" : "IoT Socket",
          "version" : "1.3.0",
          "supplier" : {
            "name" : "MDK-Packs"
          },
          "externalReferences" : [ {
            "type" : "website",
            "url" : "https://github.com/MDK-Packs/IoT_Socket"
          } ],
          "purl" : "pkg:github/MDK-Packs/IoT_Socket@1.3.0"
        } ]
      }
    }, {
      "scope" : "required",
      "type" : "library",
      "bom-ref" : "wiseconnect3_sdk:3.5.0:external_flash_none",
      "name" : "No External Flash",
      "version" : "3.5.0",
      "licenses" : [ {
        "expression" : "Zlib"
      } ]
    }, {
      "scope" : "required",
      "type" : "library",
      "bom-ref" : "wiseconnect3_sdk:3.5.0:sl_dma",
      "name" : "DMA",
      "version" : "3.5.0",
      "licenses" : [ {
        "expression" : "Zlib"
      } ]
    }, {
      "scope" : "required",
      "type" : "library",
      "bom-ref" : "wiseconnect3_sdk:3.5.0:si91x_mem_config_1",
      "name" : "MEMORY_MCU_BASIC_WIRELESS_ADVANCED",
      "version" : "3.5.0",
      "licenses" : [ {
        "expression" : "Zlib"
      } ]
    }, {
      "scope" : "required",
      "type" : "library",
      "bom-ref" : "wiseconnect3_sdk:3.5.0:rsilib_userconfig",
      "name" : "RSI User Configuration",
      "version" : "3.5.0",
      "licenses" : [ {
        "expression" : "MSLA"
      } ]
    }, {
      "scope" : "required",
      "type" : "library",
      "bom-ref" : "wiseconnect3_sdk:3.5.0:sl_bjt_temperature_sensor",
      "name" : "BJT Temperature Sensor",
      "version" : "3.5.0",
      "licenses" : [ {
        "expression" : "Zlib"
      } ]
    }, {
      "scope" : "required",
      "type" : "library",
      "bom-ref" : "wiseconnect3_sdk:3.5.0:cmsis_peripheral_headers",
      "name" : "CMSIS Peripheral Header Files",
      "version" : "3.5.0",
      "licenses" : [ {
        "expression" : "MSLA AND Apache-2.0"
      } ]
    }, {
      "scope" : "required",
      "type" : "library",
      "bom-ref" : "wiseconnect3_sdk:3.5.0:systemlevel_rtc",
      "name" : "RTC",
      "version" : "3.5.0",
      "licenses" : [ {
        "expression" : "Zlib"
      } ]
    }, {
      "scope" : "required",
      "type" : "library",
      "bom-ref" : "wiseconnect3_sdk:3.5.0:systemlevel_ipmu",
      "name" : "IPMU",
      "version" : "3.5.0",
      "licenses" : [ {
        "expression" : "Zlib"
      } ]
    }, {
      "scope" : "required",
      "type" : "library",
      "bom-ref" : "wiseconnect3_sdk:3.5.0:rsilib_gspi",
      "name" : "GSPI",
      "version" : "3.5.0",
      "licenses" : [ {
        "expression" : "Zlib"
      } ]
    }, {
      "scope" : "required",
      "type" : "library",
      "bom-ref" : "wiseconnect3_sdk:3.5.0:romdriver_egpio",
      "name" : "ROM DRIVER EGPIO",
      "version" : "3.5.0",
      "licenses" : [ {
        "expression" : "Zlib"
      } ]
    }, {
      "scope" : "required",
      "type" : "library",
      "bom-ref" : "wiseconnect3_sdk:3.5.0:systemlevel_temp_sensor",
      "name" : "TEMPERATURE SENSOR",
      "version" : "3.5.0",
      "licenses" : [ {
        "expression" : "Zlib"
      } ]
    }, {
      "scope" : "required",
      "type" : "library",
      "bom-ref" : "wiseconnect3_sdk:3.5.0:si91x_device_init_nvic",
      "name" : "NVIC Interrupt Priorities Configuration for FreeRTOS",
      "version" : "3.5.0",
      "licenses" : [ {
        "expression" : "MSLA"
      } ]
    }, {
      "scope" : "required",
      "type" : "library",
      "bom-ref" : "wiseconnect3_sdk:3.5.0:romdriver_qspi",
      "name" : "ROM DRIVER QSPI",
      "version" : "3.5.0",
      "licenses" : [ {
        "expression" : "Zlib"
      } ]
    }, {
      "scope" : "required",
      "type" : "library",
      "bom-ref" : "wiseconnect3_sdk:3.5.0:rsilib_board",
      "name" : "Si91x SoC Board Configurations",
      "version" : "3.5.0",
      "licenses" : [ {
        "expression" : "MSLA AND Zlib"
      } ]
    }, {
      "scope" : "required",
      "type" : "library",
      "bom-ref" : "wiseconnect3_sdk:3.5.0:si91x_common_flash",
      "name" : "Common Flash Component",
      "version" : "3.5.0",
      "licenses" : [ {
        "expression" : "Zlib"
      } ]
    }, {
      "scope" : "required",
      "type" : "library",
      "bom-ref" : "wiseconnect3_sdk:3.5.0:rsilib_sysrtc",
      "name" : "SYSRTC",
      "version" : "3.5.0",
      "licenses" : [ {
        "expression" : "Zlib"
      } ]
    }, {
      "scope" : "required",
      "type" : "library",
      "bom-ref" : "wiseconnect3_sdk:3.5.0:sl_si91x_socket",
      "name" : "Si91x Socket",
      "version" : "3.5.0",
      "licenses" : [ {
        "expression" : "Zlib"
      } ]
    }, {
      "scope" : "required",
      "type" : "library",
      "bom-ref" : "wiseconnect3_sdk:3.5.0:si91x_stack_size_configuration",
      "name" : "SiW91x Stack Size Configuration",
      "version" : "3.5.0",
      "licenses" : [ {
        "expression" : "Zlib"
      } ]
    }, {
      "scope" : "required",
      "type" : "library",
      "bom-ref" : "wiseconnect3_sdk:3.5.0:cmsis_usart_driver",
      "name" : "CMSIS USART DRIVER",
      "version" : "3.5.0",
      "licenses" : [ {
        "expression" : "Zlib"
      } ]
    }, {
      "scope" : "required",
      "type" : "library",
      "bom-ref" : "wiseconnect3_sdk:3.5.0:littlefs_si91x",
      "name" : "LITTLEFS_SI91X",
      "version" : "3.5.0",
      "licenses" : [ {
        "expression" : "BSD-3-Clause"
      } ],
      "pedigree" : {
        "ancestors" : [ {
          "scope" : "required",
          "type" : "library",
          "bom-ref" : "littlefs_si91x:2.9.3",
          "name" : "littlefs",
          "version" : "2.9.3",
          "supplier" : {
            "name" : "littlefs-project"
          },
          "externalReferences" : [ {
            "type" : "website",
            "url" : "https://github.com/littlefs-project/littlefs"
          } ],
          "purl" : "pkg:github/littlefs-project/littlefs@v2.9.3"
        } ]
      }
    }, {
      "scope" : "required",
      "type" : "library",
      "bom-ref" : "wiseconnect3_sdk:3.5.0:romdriver_ulpss",
      "name" : "ROM DRIVER ULPSS",
      "version" : "3.5.0",
      "licenses" : [ {
        "expression" : "Zlib"
      } ]
    }, {
      "scope" : "required",
      "type" : "library",
      "bom-ref" : "wiseconnect3_sdk:3.5.0:rsilib_crc",
      "name" : "CRC",
      "version" : "3.5.0",
      "licenses" : [ {
        "expression" : "Zlib"
      } ]
    }, {
      "scope" : "required",
      "type" : "library",
      "bom-ref" : "wiseconnect3_sdk:3.5.0:rsilib_timers",
      "name" : "TIMERS API",
      "version" : "3.5.0",
      "licenses" : [ {
        "expression" : "Zlib"
      } ]
    }, {
      "scope" : "required",
      "type" : "library",
      "bom-ref" : "wiseconnect3_sdk:3.5.0:systemlevel_headers",
      "name" : "System-Level API Headers",
      "version" : "3.5.0",
      "licenses" : [ {
        "expression" : "Zlib"
      } ]
    }, {
      "scope" : "required",
      "type" : "library",
      "bom-ref" : "wiseconnect3_sdk:3.5.0:sl_si91x_fwup",
      "name" : "Firmware Upgrade (Si91x)",
      "version" : "3.5.0",
      "licenses" : [ {
        "expression" : "MSLA"
      } ]
    }, {
      "scope" : "required",
      "type" : "library",
      "bom-ref" : "wiseconnect3_sdk:3.5.0:wiseconnect_toolchain_plugin",
      "name" : "GCC Toolchain Support",
      "version" : "3.5.0",
      "licenses" : [ {
        "expression" : "Zlib"
      } ]
    }, {
      "scope" : "required",
      "type" : "library",
      "bom-ref" : "wiseconnect3_sdk:3.5.0:rsilib_aux_reference_volt_config",
      "name" : "AUX REFERENCE VOLT",
      "version" : "3.5.0",
      "licenses" : [ {
        "expression" : "Zlib"
      } ]
    }, {
      "scope" : "required",
      "type" : "library",
      "bom-ref" : "wiseconnect3_sdk:3.5.0:sl_si91x_mcu",
      "name" : "Si91x MCU Subsystem",
      "version" : "3.5.0",
      "licenses" : [ {
        "expression" : "MSLA"
      } ]
    }, {
      "scope" : "required",
      "type" : "library",
      "bom-ref" : "wiseconnect3_sdk:3.5.0:sl_clock_manager",
      "name" : "Clock Manager",
      "version" : "3.5.0",
      "licenses" : [ {
        "expression" : "Zlib"
      } ]
    }, {
      "scope" : "required",
      "type" : "library",
      "bom-ref" : "wiseconnect3_sdk:3.5.0:rsilib_usart",
      "name" : "USART",
      "version" : "3.5.0",
      "licenses" : [ {
        "expression" : "Zlib"
      } ]
    }, {
      "scope" : "required",
      "type" : "library",
      "bom-ref" : "wiseconnect3_sdk:3.5.0:freertos_config",
      "name" : "SL SI91X FreeRTOS Configuration",
      "version" : "3.5.0",
      "licenses" : [ {
        "expression" : "MIT"
      } ]
    }, {
      "scope" : "required",
      "type" : "library",
      "bom-ref" : "wiseconnect3_sdk:3.5.0:romdriver_packing",
      "name" : "ROM DRIVER PACKING",
      "version" : "3.5.0",
      "licenses" : [ {
        "expression" : "Zlib"
      } ]
    }, {
      "scope" : "required",
      "type" : "library",
      "bom-ref" : "wiseconnect3_sdk:3.5.0:romdriver_clks",
      "name" : "ROM DRIVER CLOCK",
      "version" : "3.5.0",
      "licenses" : [ {
        "expression" : "Zlib"
      } ]
    }, {
      "scope" : "required",
      "type" : "library",
      "bom-ref" : "wiseconnect3_sdk:3.5.0:systemlevel_bod",
      "name" : "BOD",
      "version" : "3.5.0",
      "licenses" : [ {
        "expression" : "Zlib"
      } ]
    }, {
      "scope" : "required",
      "type" : "library",
      "bom-ref" : "wiseconnect3_sdk:3.5.0:cmsis_common_driver",
      "name" : "CMSIS COMMON DRIVER",
      "version" : "3.5.0",
      "licenses" : [ {
        "expression" : "Zlib"
      } ]
    }, {
      "scope" : "required",
      "type" : "library",
      "bom-ref" : "wiseconnect3_sdk:3.5.0:rsilib_qspi",
      "name" : "QSPI",
      "version" : "3.5.0",
      "licenses" : [ {
        "expression" : "Zlib"
      } ]
    }, {
      "scope" : "required",
      "type" : "library",
      "bom-ref" : "wiseconnect3_sdk:3.5.0:romdriver_timer",
      "name" : "ROM DRIVER TIMER",
      "version" : "3.5.0",
      "licenses" : [ {
        "expression" : "Zlib"
      } ]
    }, {
      "scope" : "required",
      "type" : "library",
      "bom-ref" : "wiseconnect3_sdk:3.5.0:sl_i2c_peripheral",
      "name" : "SL I2C Peripheral",
      "version" : "3.5.0",
      "licenses" : [ {
        "expression" : "Zlib"
      } ]
    }, {
      "scope" : "required",
      "type" : "library",
      "bom-ref" : "wiseconnect3_sdk:3.5.0:romdriver_udma",
      "name" : "ROM DRIVER UDMA",
      "version" : "3.5.0",
      "licenses" : [ {
        "expression" : "Zlib"
      } ]
    }, {
      "scope" : "required",
      "type" : "library",
      "bom-ref" : "wiseconnect3_sdk:3.5.0:systemlevel_ulpss_clk",
      "name" : "ULPSS CLOCK",
      "version" : "3.5.0",
      "licenses" : [ {
        "expression" : "Zlib"
      } ]
    }, {
      "scope" : "required",
      "type" : "library",
      "bom-ref" : "wiseconnect3_sdk:3.5.0:romdriver_romtable",
      "name" : "ROM TABLE",
      "version" : "3.5.0",
      "licenses" : [ {
        "expression" : "Zlib"
      } ]
    }, {
      "scope" : "required",
      "type" : "library",
      "bom-ref" : "wiseconnect3_sdk:3.5.0:sl_si91x_wireless",
      "name" : "Si91x Wireless Subsystem",
      "version" : "3.5.0",
      "licenses" : [ {
        "expression" : "Zlib"
      } ]
    }, {
      "scope" : "required",
      "type" : "library",
      "bom-ref" : "wiseconnect3_sdk:3.5.0:cmsis_gspi",
      "name" : "CMSIS GSPI",
      "version" : "3.5.0",
      "licenses" : [ {
        "expression" : "Apache-2.0 AND Zlib"
      } ]
    }, {
      "scope" : "required",
      "type" : "library",
      "bom-ref" : "wiseconnect3_sdk:3.5.0:romdriver_headers",
      "name" : "ROM Driver Headers",
      "version" : "3.5.0",
      "licenses" : [ {
        "expression" : "Zlib"
      } ]
    }, {
      "scope" : "required",
      "type" : "library",
      "bom-ref" : "wiseconnect3_sdk:3.5.0:rsilib_headers",
      "name" : "RSI Peripheral Headers",
      "version" : "3.5.0",
      "licenses" : [ {
        "expression" : "Zlib"
      } ]
    }, {
      "scope" : "required",
      "type" : "library",
      "bom-ref" : "wiseconnect3_sdk:3.5.0:sl_gpio",
      "name" : "GPIO",
      "version" : "3.5.0",
      "licenses" : [ {
        "expression" : "Zlib"
      } ]
    }, {
      "scope" : "required",
      "type" : "library",
      "bom-ref" : "wiseconnect3_sdk:3.5.0:sli_wifi_command_engine",
      "name" : "WiFi Command Engine",
      "version" : "3.5.0",
      "licenses" : [ {
        "expression" : "Zlib"
      } ]
    }, {
      "scope" : "required",
      "type" : "library",
      "bom-ref" : "wiseconnect3_sdk:3.5.0:external_psram_none",
      "name" : "No External PSRAM",
      "version" : "3.5.0",
      "licenses" : [ {
        "expression" : "Zlib"
      } ]
    }, {
      "scope" : "required",
      "type" : "library",
      "bom-ref" : "wiseconnect3_sdk:3.5.0:sli_si91x_wifi_event_handler",
      "name" : "si91x WiFi handler",
      "version" : "3.5.0",
      "licenses" : [ {
        "expression" : "Zlib"
      } ]
    }, {
      "scope" : "required",
      "type" : "library",
      "bom-ref" : "wiseconnect3_sdk:3.5.0:udma_linker_config",
      "name" : "UDMA Linker Configuration",
      "version" : "3.5.0",
      "licenses" : [ {
        "expression" : "Zlib"
      } ]
    }, {
      "scope" : "required",
      "type" : "library",
      "bom-ref" : "wiseconnect3_sdk:3.5.0:board_configuration_headers",
      "name" : "Board Configuration Header Files",
      "version" : "3.5.0",
      "licenses" : [ {
        "expression" : "Zlib"
      } ]
    }, {
      "scope" : "required",
      "type" : "library",
      "bom-ref" : "wiseconnect3_sdk:3.5.0:sl_adc",
      "name" : "ADC",
      "version" : "3.5.0",
      "licenses" : [ {
        "expression" : "Zlib"
      } ]
    }, {
      "scope" : "required",
      "type" : "library",
      "bom-ref" : "wiseconnect3_sdk:3.5.0:systemlevel_pll",
      "name" : "PLL",
      "version" : "3.5.0",
      "licenses" : [ {
        "expression" : "Zlib"
      } ]
    }, {
      "scope" : "required",
      "type" : "library",
      "bom-ref" : "wiseconnect3_sdk:3.5.0:sl_i2c",
      "name" : "I2C",
      "version" : "3.5.0",
      "licenses" : [ {
        "expression" : "Zlib"
      } ]
    }, {
      "scope" : "required",
      "type" : "library",
      "bom-ref" : "wiseconnect3_sdk:3.5.0:rsilib_clock_update",
      "name" : "CLOCK UPDATE",
      "version" : "3.5.0",
      "licenses" : [ {
        "expression" : "Zlib"
      } ]
    }, {
      "scope" : "required",
      "type" : "library",
      "bom-ref" : "wiseconnect3_sdk:3.5.0:si91x_debug",
      "name" : "Debug Unit",
      "version" : "3.5.0",
      "licenses" : [ {
        "expression" : "Zlib"
      } ]
    }, {
      "scope" : "required",
      "type" : "library",
      "bom-ref" : "wiseconnect3_sdk:3.5.0:rsilib_chip",
      "name" : "Core",
      "version" : "3.5.0",
      "licenses" : [ {
        "expression" : "Zlib"
      } ]
    }, {
      "scope" : "required",
      "type" : "library",
      "bom-ref" : "wiseconnect3_sdk:3.5.0:rsilib_udma_wrapper",
      "name" : "UDMA WRAPPER",
      "version" : "3.5.0",
      "licenses" : [ {
        "expression" : "Zlib"
      } ]
    }, {
      "scope" : "required",
      "type" : "library",
      "bom-ref" : "wiseconnect3_sdk:3.5.0:sl_si91x_soc_soft_reset",
      "name" : "Soft Reset",
      "version" : "3.5.0",
      "licenses" : [ {
        "expression" : "Zlib"
      } ]
    }, {
      "scope" : "required",
      "type" : "library",
      "bom-ref" : "wiseconnect3_sdk:3.5.0:systemlevel_power_save",
      "name" : "POWER SAVE",
      "version" : "3.5.0",
      "licenses" : [ {
        "expression" : "Zlib"
      } ]
    }, {
      "scope" : "required",
      "type" : "library",
      "bom-ref" : "wiseconnect3_sdk:3.5.0:romdriver_power_save",
      "name" : "ROM DRIVER POWER SAVE",
      "version" : "3.5.0",
      "licenses" : [ {
        "expression" : "Zlib"
      } ]
    }, {
      "scope" : "required",
      "type" : "library",
      "bom-ref" : "wiseconnect3_sdk:3.5.0:systemlevel_wwdt",
      "name" : "WWDT",
      "version" : "3.5.0",
      "licenses" : [ {
        "expression" : "Zlib"
      } ]
    } ]
  }, {
    "scope" : "required",
    "type" : "library",
    "bom-ref" : "simplicity_sdk:2025.6.0",
    "name" : "Simplicity SDK Suite",
    "version" : "2025.6.0",
    "supplier" : {
      "name" : "Silicon Laboratories, Inc."
    },
    "components" : [ {
      "scope" : "required",
      "type" : "library",
      "bom-ref" : "simplicity_sdk:2025.6.0:brd4002a",
      "name" : "BRD4002A",
      "version" : "2025.6.0",
      "supplier" : {
        "name" : "Silicon Laboratories, Inc."
      },
      "licenses" : [ {
        "expression" : "Zlib"
      } ]
    }, {
      "scope" : "required",
      "type" : "library",
      "bom-ref" : "simplicity_sdk:2025.6.0:freertos",
      "name" : "FreeRTOS Kernel",
      "version" : "2025.6.0",
      "supplier" : {
        "name" : "Silicon Laboratories, Inc."
      },
      "licenses" : [ {
        "expression" : "MSLA"
      } ],
      "pedigree" : {
        "ancestors" : [ {
          "scope" : "required",
          "type" : "library",
          "bom-ref" : "freertos:11.1.0",
          "name" : "FreeRTOS kernel",
          "version" : "11.1.0",
          "supplier" : {
            "name" : "AWS open source"
          },
          "externalReferences" : [ {
            "type" : "website",
            "url" : "https://github.com/FreeRTOS/FreeRTOS-Kernel"
          } ],
          "purl" : "https://github.com/FreeRTOS/FreeRTOS-Kernel/releases/tag/V11.1.0",
          "pedigree" : {
            "notes" : "FreeRTOS kernel, Version 11.1.0"
          }
        } ]
      }
    }, {
      "scope" : "required",
      "type" : "library",
      "bom-ref" : "simplicity_sdk:2025.6.0:gatt_configuration",
      "name" : "Static GATT Database and Configuration",
      "version" : "2025.6.0",
      "supplier" : {
        "name" : "Silicon Laboratories, Inc."
      },
      "licenses" : [ {
        "expression" : "Zlib"
      } ]
    }, {
      "scope" : "required",
      "type" : "library",
      "bom-ref" : "simplicity_sdk:2025.6.0:sl_main",
      "name" : "System Setup (sl_main)",
      "version" : "2025.6.0",
      "supplier" : {
        "name" : "Silicon Laboratories, Inc."
      },
      "licenses" : [ {
        "expression" : "Zlib"
      } ]
    }, {
      "scope" : "required",
      "type" : "library",
      "bom-ref" : "simplicity_sdk:2025.6.0:bit",
      "name" : "Bit Operations Library",
      "version" : "2025.6.0",
      "supplier" : {
        "name" : "Silicon Laboratories, Inc."
      },
      "licenses" : [ {
        "expression" : "Zlib"
      } ]
    }, {
      "scope" : "required",
      "type" : "library",
      "bom-ref" : "simplicity_sdk:2025.6.0:slist",
      "name" : "Single Link List",
      "version" : "2025.6.0",
      "supplier" : {
        "name" : "Silicon Laboratories, Inc."
      },
      "licenses" : [ {
        "expression" : "Zlib"
      } ]
    }, {
      "scope" : "required",
      "type" : "library",
      "bom-ref" : "simplicity_sdk:2025.6.0:freertos_kernel_cortexm",
      "name" : "FreeRTOS Kernel ARM Cortex-M Port",
      "version" : "2025.6.0",
      "supplier" : {
        "name" : "Silicon Laboratories, Inc."
      },
      "licenses" : [ {
        "expression" : "Apache 2.0"
      } ],
      "pedigree" : {
        "ancestors" : [ {
          "scope" : "required",
          "type" : "library",
          "bom-ref" : "freertos_kernel_cortexm:11.1.0",
          "name" : "CMSIS-FreeRTOS",
          "version" : "11.1.0",
          "supplier" : {
            "name" : "ARM-software"
          },
          "externalReferences" : [ {
            "type" : "website",
            "url" : "https://github.com/ARM-software/CMSIS-FreeRTOS"
          } ],
          "purl" : "https://github.com/ARM-software/CMSIS-FreeRTOS/releases/tag/v11.1.0",
          "pedigree" : {
            "notes" : "CMSIS-FreeRTOS, Version 11.1.0"
          }
        } ]
      }
    }, {
      "scope" : "required",
      "type" : "library",
      "bom-ref" : "simplicity_sdk:2025.6.0:sl_main_memory_init",
      "name" : "sl_main Setup",
      "version" : "2025.6.0",
      "supplier" : {
        "name" : "Silicon Laboratories, Inc."
      },
      "licenses" : [ {
        "expression" : "Zlib"
      } ]
    }, {
      "scope" : "required",
      "type" : "library",
      "bom-ref" : "simplicity_sdk:2025.6.0:bluetooth_gattdb_definition",
      "name" : "Bluetooth GATT database structure definition",
      "version" : "2025.6.0",
      "supplier" : {
        "name" : "Silicon Laboratories, Inc."
      },
      "licenses" : [ {
        "expression" : "MSLA"
      } ]
    }, {
      "scope" : "required",
      "type" : "library",
      "bom-ref" : "simplicity_sdk:2025.6.0:atomic",
      "name" : "Atomic Operations Library",
      "version" : "2025.6.0",
      "supplier" : {
        "name" : "Silicon Laboratories, Inc."
      },
      "licenses" : [ {
        "expression" : "Zlib"
      } ]
    }, {
      "scope" : "required",
      "type" : "library",
      "bom-ref" : "simplicity_sdk:2025.6.0:code_classification",
      "name" : "Code Classification",
      "version" : "2025.6.0",
      "supplier" : {
        "name" : "Silicon Laboratories, Inc."
      },
      "licenses" : [ {
        "expression" : "Zlib"
      } ]
    }, {
      "scope" : "required",
      "type" : "library",
      "bom-ref" : "simplicity_sdk:2025.6.0:sl_main_kernel",
      "name" : "SL Main Kernel",
      "version" : "2025.6.0",
      "supplier" : {
        "name" : "Silicon Laboratories, Inc."
      },
      "licenses" : [ {
        "expression" : "Zlib"
      } ]
    }, {
      "scope" : "required",
      "type" : "library",
      "bom-ref" : "simplicity_sdk:2025.6.0:status",
      "name" : "Status Codes Definitions",
      "version" : "2025.6.0",
      "supplier" : {
        "name" : "Silicon Laboratories, Inc."
      },
      "licenses" : [ {
        "expression" : "Zlib"
      } ]
    }, {
      "scope" : "required",
      "type" : "library",
      "bom-ref" : "simplicity_sdk:2025.6.0:toolchain_variant_arm",
      "name" : "Toolchain for ARM",
      "version" : "2025.6.0",
      "supplier" : {
        "name" : "Silicon Laboratories, Inc."
      },
      "licenses" : [ {
        "expression" : "Zlib"
      } ]
    }, {
      "scope" : "required",
      "type" : "library",
      "bom-ref" : "simplicity_sdk:2025.6.0:cmsis_os2_ext_task_register",
      "name" : "Task registers abstraction layer",
      "version" : "2025.6.0",
      "supplier" : {
        "name" : "Silicon Laboratories, Inc."
      },
      "licenses" : [ {
        "expression" : "Zlib"
      } ]
    }, {
      "scope" : "required",
      "type" : "library",
      "bom-ref" : "simplicity_sdk:2025.6.0:cmsis_rtos2_tick",
      "name" : "CMSIS-RTOS2 OS Tick",
      "version" : "2025.6.0",
      "supplier" : {
        "name" : "Silicon Laboratories, Inc."
      },
      "licenses" : [ {
        "expression" : "Apache 2.0"
      } ],
      "pedigree" : {
        "ancestors" : [ {
          "scope" : "required",
          "type" : "library",
          "bom-ref" : "cmsis_rtos2_tick:5.8.0",
          "name" : "CMSIS_5",
          "version" : "5.8.0",
          "supplier" : {
            "name" : "ARM-software"
          },
          "externalReferences" : [ {
            "type" : "website",
            "url" : "https://github.com/ARM-software/CMSIS_5"
          } ],
          "purl" : "pkg:github/ARM-software/CMSIS_5@5.8.0",
          "pedigree" : {
            "notes" : "The CMSIS is a set of tools, APIs, frameworks, and work flows"
          }
        } ]
      }
    }, {
      "scope" : "required",
      "type" : "library",
      "bom-ref" : "simplicity_sdk:2025.6.0:cmsis_common",
      "name" : "Common APIs for CMSIS-Compliant Kernels",
      "version" : "2025.6.0",
      "supplier" : {
        "name" : "Silicon Laboratories, Inc."
      },
      "licenses" : [ {
        "expression" : "Zlib"
      } ]
    }, {
      "scope" : "required",
      "type" : "library",
      "bom-ref" : "simplicity_sdk:2025.6.0:event_handler",
      "name" : "Event Handler",
      "version" : "2025.6.0",
      "supplier" : {
        "name" : "Silicon Laboratories, Inc."
      },
      "licenses" : [ {
        "expression" : "Zlib"
      } ]
    }, {
      "scope" : "required",
      "type" : "library",
      "bom-ref" : "simplicity_sdk:2025.6.0:sl_string",
      "name" : "String Functions",
      "version" : "2025.6.0",
      "supplier" : {
        "name" : "Silicon Laboratories, Inc."
      },
      "licenses" : [ {
        "expression" : "Zlib"
      } ]
    }, {
      "scope" : "required",
      "type" : "library",
      "bom-ref" : "simplicity_sdk:2025.6.0:cmsis_rtos2_init",
      "name" : "CMSIS-RTOS2 Initialization",
      "version" : "2025.6.0",
      "supplier" : {
        "name" : "Silicon Laboratories, Inc."
      },
      "licenses" : [ {
        "expression" : "Apache 2.0"
      } ],
      "pedigree" : {
        "ancestors" : [ {
          "scope" : "required",
          "type" : "library",
          "bom-ref" : "cmsis_rtos2_init:5.8.0",
          "name" : "CMSIS_5",
          "version" : "5.8.0",
          "supplier" : {
            "name" : "ARM-software"
          },
          "externalReferences" : [ {
            "type" : "website",
            "url" : "https://github.com/ARM-software/CMSIS_5"
          } ],
          "purl" : "pkg:github/ARM-software/CMSIS_5@5.8.0",
          "pedigree" : {
            "notes" : "The CMSIS is a set of tools, APIs, frameworks, and work flows"
          }
        } ]
      }
    }, {
      "scope" : "required",
      "type" : "library",
      "bom-ref" : "simplicity_sdk:2025.6.0:sl_assert",
      "name" : "Assert Functions",
      "version" : "2025.6.0",
      "supplier" : {
        "name" : "Silicon Laboratories, Inc."
      },
      "licenses" : [ {
        "expression" : "Zlib"
      } ]
    }, {
      "scope" : "required",
      "type" : "library",
      "bom-ref" : "simplicity_sdk:2025.6.0:cmsis_rtos2_headers",
      "name" : "CMSIS-RTOS2 Headers",
      "version" : "2025.6.0",
      "supplier" : {
        "name" : "Silicon Laboratories, Inc."
      },
      "licenses" : [ {
        "expression" : "Apache 2.0"
      } ],
      "pedigree" : {
        "ancestors" : [ {
          "scope" : "required",
          "type" : "library",
          "bom-ref" : "cmsis_rtos2_headers:5.8.0",
          "name" : "CMSIS_5",
          "version" : "5.8.0",
          "supplier" : {
            "name" : "ARM-software"
          },
          "externalReferences" : [ {
            "type" : "website",
            "url" : "https://github.com/ARM-software/CMSIS_5"
          } ],
          "purl" : "pkg:github/ARM-software/CMSIS_5@5.8.0",
          "pedigree" : {
            "notes" : "The CMSIS is a set of tools, APIs, frameworks, and work flows."
          }
        } ]
      }
    }, {
      "scope" : "required",
      "type" : "library",
      "bom-ref" : "simplicity_sdk:2025.6.0:component_catalog",
      "name" : "Component Catalog",
      "version" : "2025.6.0",
      "supplier" : {
        "name" : "Silicon Laboratories, Inc."
      },
      "licenses" : [ {
        "expression" : "Zlib"
      } ]
    }, {
      "scope" : "required",
      "type" : "library",
      "bom-ref" : "simplicity_sdk:2025.6.0:sl_core",
      "name" : "core",
      "version" : "2025.6.0",
      "supplier" : {
        "name" : "Silicon Laboratories, Inc."
      },
      "licenses" : [ {
        "expression" : "Zlib"
      } ]
    }, {
      "scope" : "required",
      "type" : "library",
      "bom-ref" : "simplicity_sdk:2025.6.0:cmsis_core",
      "name" : "CMSIS-Core",
      "version" : "2025.6.0",
      "supplier" : {
        "name" : "Silicon Laboratories, Inc."
      },
      "licenses" : [ {
        "expression" : "Apache 2.0"
      } ],
      "pedigree" : {
        "ancestors" : [ {
          "scope" : "required",
          "type" : "library",
          "bom-ref" : "cmsis_core:5.8.0",
          "name" : "CMSIS_5",
          "version" : "5.8.0",
          "supplier" : {
            "name" : "ARM-software"
          },
          "externalReferences" : [ {
            "type" : "website",
            "url" : "https://github.com/ARM-software/CMSIS_5"
          } ],
          "purl" : "pkg:github/ARM-software/CMSIS_5@5.8.0",
          "pedigree" : {
            "notes" : "The CMSIS is a set of tools, APIs, frameworks, and work flows"
          }
        } ]
      }
    }, {
      "scope" : "required",
      "type" : "library",
      "bom-ref" : "simplicity_sdk:2025.6.0:emlib_core",
      "name" : "CORE",
      "version" : "2025.6.0",
      "supplier" : {
        "name" : "Silicon Laboratories, Inc."
      },
      "licenses" : [ {
        "expression" : "Zlib"
      } ]
    }, {
      "scope" : "required",
      "type" : "library",
      "bom-ref" : "simplicity_sdk:2025.6.0:sleeptimer",
      "name" : "Sleep Timer",
      "version" : "2025.6.0",
      "supplier" : {
        "name" : "Silicon Laboratories, Inc."
      },
      "licenses" : [ {
        "expression" : "Zlib"
      } ]
    }, {
      "scope" : "required",
      "type" : "library",
      "bom-ref" : "simplicity_sdk:2025.6.0:sl_common",
      "name" : "Common Functions",
      "version" : "2025.6.0",
      "supplier" : {
        "name" : "Silicon Laboratories, Inc."
      },
      "licenses" : [ {
        "expression" : "Zlib"
      } ]
    }, {
      "scope" : "required",
      "type" : "library",
      "bom-ref" : "simplicity_sdk:2025.6.0:sl_main_init",
      "name" : "sl main Init",
      "version" : "2025.6.0",
      "supplier" : {
        "name" : "Silicon Laboratories, Inc."
      },
      "licenses" : [ {
        "expression" : "Zlib"
      } ]
    }, {
      "scope" : "required",
      "type" : "library",
      "bom-ref" : "simplicity_sdk:2025.6.0:sl_main_process_action",
      "name" : "sl_main Process Action",
      "version" : "2025.6.0",
      "supplier" : {
        "name" : "Silicon Laboratories, Inc."
      },
      "licenses" : [ {
        "expression" : "Zlib"
      } ]
    } ]
  } ]
}